광역시코드,지역명,공급유형명,단지명,총세대수,전용면적,세대수,임대보증금,월임대료,최초입주년월
11,서울특별시 강남구,국민임대,서울강남 3블록,873,46.71,72,43231000,358790,201311
11,서울특별시 강남구,국민임대,서울강남 3블록,873,46.05,64,43231000,358790,201311
11,서울특별시 강남구,국민임대,서울강남 3블록,873,46.01,180,43231000,358790,201311
11,서울특별시 강남구,국민임대,서울강남 3블록,873,36.62,84,20188000,252360,201311
11,서울특별시 강남구,국민임대,서울강남 3블록,873,36.08,448,20188000,252360,201311
11,서울특별시 강남구,국민임대,서울강남 3블록,873,36.05,25,20188000,252360,201311
11,서울특별시 강서구,국민임대,서울등촌11,350,59.94,3,38746000,310350,200410
11,서울특별시 강서구,국민임대,서울등촌11,350,59.73,87,38746000,310350,200410
11,서울특별시 강서구,국민임대,서울등촌11,350,59.31,2,38746000,310350,200410
11,서울특별시 강서구,국민임대,서울등촌11,350,51.84,258,33399000,271060,200410
11,서울특별시 도봉구,국민임대,서울도봉,245,36.44,191,14014000,178600,200212
11,서울특별시 서초구,국민임대,서울서초3블록,440,46.96,25,44218000,346720,201307
11,서울특별시 서초구,국민임대,서울서초3블록,440,46.76,192,44218000,346720,201307
11,서울특별시 서초구,국민임대,서울서초3블록,440,36.87,43,20452000,249070,201307
11,서울특별시 서초구,국민임대,서울서초3블록,440,36.7,154,20452000,249070,201307
11,서울특별시 서초구,국민임대,서울서초3블록,440,26.68,26,14866000,185430,201307
11,서울특별시 중랑구,국민임대,서울양원 S1BL 임대주택,192,37.62,134,31868000,217160,202202
11,서울특별시 중랑구,국민임대,서울양원 S1BL 임대주택,192,33.95,58,21003000,185730,202202
26,부산광역시 강서구,국민임대,"부산지사(08,주1) 1단지",961,59.69,18,25394000,201990,201110
26,부산광역시 강서구,국민임대,"부산지사(08,주1) 1단지",961,59.48,88,25394000,201990,201110
26,부산광역시 강서구,국민임대,"부산지사(08,주1) 1단지",961,46.46,340,15583000,140810,201110
26,부산광역시 강서구,국민임대,"부산지사(08,주1) 1단지",961,46.03,40,15583000,140810,201110
26,부산광역시 강서구,국민임대,"부산지사(08,주1) 1단지",961,36.94,79,9811000,87710,201110
26,부산광역시 강서구,국민임대,"부산지사(08,주1) 1단지",961,36.66,396,9811000,87710,201110
26,부산광역시 기장군,국민임대,고촌 휴먼시아,1084,46.77,172,20485000,147000,201002
26,부산광역시 기장군,국민임대,고촌 휴먼시아,1084,46.56,454,20485000,147000,201002
26,부산광역시 기장군,국민임대,고촌 휴먼시아,1084,39.96,280,16268000,112050,201002
26,부산광역시 기장군,국민임대,고촌 휴먼시아,1084,39.74,178,16268000,112050,201002
26,부산광역시 기장군,국민임대,기장교리,875,45.32,298,14292000,141630,200312
26,부산광역시 기장군,국민임대,기장교리,875,45.09,20,14215000,141630,200312
26,부산광역시 기장군,국민임대,기장교리,875,36.44,557,11492000,104930,200312
26,부산광역시 기장군,국민임대,부산내리,1002,51.93,108,24240000,171990,200811
26,부산광역시 기장군,국민임대,부산내리,1002,46.9,508,18582000,138510,200811
26,부산광역시 기장군,국민임대,부산내리,1002,39.77,238,15235000,106180,200811
26,부산광역시 기장군,국민임대,부산내리,1002,39.72,148,15235000,106180,200811
26,부산광역시 기장군,국민임대,부산장안A-1BL,332,46.76,148,25583000,234660,202210
26,부산광역시 기장군,국민임대,부산장안A-1BL,332,37.74,152,17322000,187750,202210
26,부산광역시 기장군,국민임대,부산장안A-1BL,332,29.88,32,9816000,140600,202210
26,부산광역시 기장군,국민임대,부산정관 4단지(A-22BL),964,59.86,298,39671000,233420,201209
26,부산광역시 기장군,국민임대,부산정관 4단지(A-22BL),964,51.6,378,33347000,201220,201209
26,부산광역시 기장군,국민임대,부산정관 4단지(A-22BL),964,46.98,75,27941000,156370,201209
26,부산광역시 기장군,국민임대,부산정관 4단지(A-22BL),964,46.46,213,27941000,156370,201209
26,부산광역시 기장군,국민임대,부산정관 5단지(A-19BL),1128,59.94,230,26654000,315010,201310
26,부산광역시 기장군,국민임대,부산정관 5단지(A-19BL),1128,51.56,488,22799000,274260,201310
26,부산광역시 기장군,국민임대,부산정관 5단지(A-19BL),1128,46.72,410,20266000,251120,201310
26,부산광역시 기장군,국민임대,정관신도시휴먼시아1,1533,59.99,606,36205000,215950,200812
26,부산광역시 기장군,국민임대,정관신도시휴먼시아1,1533,59.57,446,36205000,215950,200812
26,부산광역시 기장군,국민임대,정관신도시휴먼시아1,1533,51.86,258,27465000,156030,200812
26,부산광역시 기장군,국민임대,정관신도시휴먼시아1,1533,51.77,223,25966000,144800,200812
26,부산광역시 기장군,국민임대,정관신도시휴먼시아2,1301,59.88,508,34946000,216900,201001
26,부산광역시 기장군,국민임대,정관신도시휴먼시아2,1301,51.93,435,27715000,162680,201001
26,부산광역시 기장군,국민임대,정관신도시휴먼시아2,1301,51.77,358,27715000,162680,201001
26,부산광역시 동래구,국민임대,"부산안락3(06,주)4단지 4단지",619,59.96,44,53098000,300120,201108
26,부산광역시 동래구,국민임대,"부산안락3(06,주)4단지 4단지",619,51.93,132,41554000,253940,201108
26,부산광역시 동래구,국민임대,"부산안락3(06,주)4단지 4단지",619,46.9,196,34629000,225080,201108
26,부산광역시 동래구,국민임대,"부산안락3(06,주)4단지 4단지",619,39.94,15,25394000,184680,201108
26,부산광역시 동래구,국민임대,"부산안락3(06,주)4단지 4단지",619,39.57,150,25394000,184680,201108
26,부산광역시 동래구,국민임대,"부산안락3(06,주)4단지 4단지",619,33.4,82,18930000,150050,201108
26,부산광역시 부산진구,국민임대,부산범천 국민임대주택,533,51.3,165,42000000,403200,201305
26,부산광역시 부산진구,국민임대,부산범천 국민임대주택,533,46.98,38,37485000,370650,201305
26,부산광역시 부산진구,국민임대,부산범천 국민임대주택,533,46.21,66,37485000,370650,201305
26,부산광역시 부산진구,국민임대,부산범천 국민임대주택,533,39.86,99,27090000,309750,201305
26,부산광역시 부산진구,국민임대,부산범천 국민임대주택,533,39.64,66,27090000,309750,201305
26,부산광역시 부산진구,국민임대,부산범천 국민임대주택,533,33.51,99,15855000,259350,201305
26,부산광역시 북구,국민임대,부산만덕3,1350,59.63,464,20018000,246330,200311
26,부산광역시 북구,국민임대,부산만덕3,1350,51.88,886,17417000,213320,200311
26,부산광역시 북구,국민임대,부산화명율리,840,59.64,166,21720000,277410,200406
26,부산광역시 북구,국민임대,부산화명율리,840,51.95,454,18921000,239600,200406
26,부산광역시 북구,국민임대,부산화명율리,840,51.49,220,18752000,237340,200406
26,부산광역시 사상구,국민임대,"부산감전(06,주6) 1단지",622,51.93,118,33810000,281400,201411
26,부산광역시 사상구,국민임대,"부산감전(06,주6) 1단지",622,46.95,150,27720000,232050,201411
26,부산광역시 사상구,국민임대,"부산감전(06,주6) 1단지",622,46.9,28,27720000,232050,201411
26,부산광역시 사상구,국민임대,"부산감전(06,주6) 1단지",622,41.97,92,22365000,185850,201411
26,부산광역시 사상구,국민임대,"부산감전(06,주6) 1단지",622,41.94,108,22365000,185850,201411
26,부산광역시 사상구,국민임대,"부산감전(06,주6) 1단지",622,41.83,126,22365000,185850,201411
26,부산광역시 사상구,국민임대,"부산괘법(07,주2) 1단지",291,51.55,91,50775000,422950,201303
26,부산광역시 사상구,국민임대,"부산괘법(07,주2) 1단지",291,46.53,200,44387000,368980,201303
26,부산광역시 해운대구,국민임대,송정(1),828,46.96,207,14276000,141620,200704
26,부산광역시 해운대구,국민임대,송정(1),828,46.47,159,14276000,141620,200704
26,부산광역시 해운대구,국민임대,송정(1),828,39.88,305,13135000,105060,200704
26,부산광역시 해운대구,국민임대,송정(1),828,39.15,157,13135000,105060,200704
26,부산광역시 해운대구,국민임대,송정2 휴먼시아,890,59.47,300,33410000,266120,200904
26,부산광역시 해운대구,국민임대,송정2 휴먼시아,890,51.93,168,26497000,218890,200904
26,부산광역시 해운대구,국민임대,송정2 휴먼시아,890,51.77,422,26497000,218890,200904
27,대구광역시 달서구,국민임대,대구대곡2 A블록 국민임대주택,402,46.06,94,31718000,265000,201903
27,대구광역시 달서구,국민임대,대구대곡2 A블록 국민임대주택,402,28.23,32,11287000,152000,201903
27,대구광역시 달서구,국민임대,대구대곡2 A블록 국민임대주택,402,28.13,276,11287000,152000,201903
27,대구광역시 달서구,국민임대,대구장기,705,46.19,411,24207000,200540,200505
27,대구광역시 달서구,국민임대,대구장기,705,36.63,294,19108000,162980,200505
27,대구광역시 달성군,국민임대,달성용계,302,59.57,108,26082000,234340,200507
27,대구광역시 달성군,국민임대,달성용계,302,51.86,194,23196000,199400,200507
27,대구광역시 달성군,국민임대,대구다사,801,59.57,48,32454000,194720,200609
27,대구광역시 달성군,국민임대,대구다사,801,59.29,48,32454000,194720,200609
27,대구광역시 달성군,국민임대,대구다사,801,51.77,212,28559000,171340,200609
27,대구광역시 달성군,국민임대,대구다사,801,46.19,212,25964000,97350,200609
27,대구광역시 달성군,국민임대,대구다사,801,36.63,135,19472000,89560,200609
27,대구광역시 달성군,국민임대,대구다사,801,36.3,30,19472000,89560,200609
27,대구광역시 달성군,국민임대,대구다사,801,36.23,56,19472000,89560,200609
27,대구광역시 달성군,국민임대,대구다사,801,36.19,60,19472000,89560,200609
27,대구광역시 달성군,국민임대,대구달성본리2,414,51.95,280,17963000,222940,200303
27,대구광역시 달성군,국민임대,대구달성본리2,414,51.49,134,17963000,222940,200303
27,대구광역시 달성군,국민임대,대구서재휴먼시아,757,46.9,252,24155000,198190,201007
27,대구광역시 달성군,국민임대,대구서재휴먼시아,757,39.68,168,17962000,142440,201007
27,대구광역시 달성군,국민임대,대구서재휴먼시아,757,36.62,337,15360000,123870,201007
27,대구광역시 달성군,국민임대,대구옥포천년나무 2단지,1186,46.69,268,22844000,265610,201503
27,대구광역시 달성군,국민임대,대구옥포천년나무 2단지,1186,36.93,794,10602000,167230,201503
27,대구광역시 달성군,국민임대,대구옥포천년나무 2단지,1186,29.85,124,8635000,132250,201503
27,대구광역시 달성군,국민임대,대구테크노폴리스 1단지,1390,51.82,192,24838000,294620,201602
27,대구광역시 달성군,국민임대,대구테크노폴리스 1단지,1390,46.89,176,20322000,266660,201602
27,대구광역시 달성군,국민임대,대구테크노폴리스 1단지,1390,36.96,446,9354000,169880,201602
27,대구광역시 달성군,국민임대,대구테크노폴리스 1단지,1390,29.8,528,7741000,133330,201602
27,대구광역시 달성군,국민임대,대구테크노폴리스 1단지,1390,29.13,48,7741000,133330,201602
27,대구광역시 달성군,국민임대,대구테크노폴리스 2단지,1126,46.89,244,19978000,277190,201603
27,대구광역시 달성군,국민임대,대구테크노폴리스 2단지,1126,36.96,574,9569000,188170,201603
27,대구광역시 달성군,국민임대,대구테크노폴리스 2단지,1126,29.8,272,7956000,145160,201603
27,대구광역시 달성군,국민임대,대구테크노폴리스 2단지,1126,29.13,36,7956000,145160,201603
27,대구광역시 달성군,국민임대,죽곡휴먼시아1단지,594,59.88,204,36089000,246650,200807
27,대구광역시 달성군,국민임대,죽곡휴먼시아1단지,594,46.9,210,23496000,160960,200807
27,대구광역시 달성군,국민임대,죽곡휴먼시아1단지,594,39.48,180,17004000,115520,200807
27,대구광역시 동구,국민임대,대구신서 13단지,340,33.97,220,13377000,175350,201611
27,대구광역시 동구,국민임대,대구신서 13단지,340,26.92,120,10605000,147000,201611
27,대구광역시 동구,국민임대,대구신서 14단지,178,46.93,78,29680000,257000,201611
27,대구광역시 동구,국민임대,대구신서 14단지,178,26.96,100,10395000,148050,201611
27,대구광역시 동구,국민임대,대구신서 6단지,1028,51.29,104,31097000,325300,201603
27,대구광역시 동구,국민임대,대구신서 6단지,1028,46.73,168,27854000,303340,201603
27,대구광역시 동구,국민임대,대구신서 6단지,1028,36.47,540,12750000,234300,201603
27,대구광역시 동구,국민임대,대구신서 6단지,1028,29.68,216,10376000,179910,201603
27,대구광역시 동구,국민임대,대구안심4,194,46.49,88,18240000,193540,200308
27,대구광역시 동구,국민임대,대구안심4,194,39.89,40,15364000,174190,200308
27,대구광역시 동구,국민임대,대구안심4,194,39.38,66,15364000,172670,200308
27,대구광역시 동구,국민임대,대구율하 10단지,976,59.88,428,34344000,236170,201005
27,대구광역시 동구,국민임대,대구율하 10단지,976,39.85,119,17352000,119290,201005
27,대구광역시 동구,국민임대,대구율하 10단지,976,39.72,385,17352000,119290,201005
27,대구광역시 동구,국민임대,대구율하 10단지,976,39.54,44,17352000,119290,201005
27,대구광역시 동구,국민임대,대구율하 15단지,457,59.89,130,36578000,250650,200910
27,대구광역시 동구,국민임대,대구율하 15단지,457,51.93,130,31181000,215860,200910
27,대구광역시 동구,국민임대,대구율하 15단지,457,46.9,78,24465000,167890,200910
27,대구광역시 동구,국민임대,대구율하 15단지,457,39.63,119,17989000,125910,200910
27,대구광역시 동구,국민임대,대구율하 5단지,860,59.88,398,34289000,233010,200810
27,대구광역시 동구,국민임대,대구율하 5단지,860,39.85,90,17264000,118300,200810
27,대구광역시 동구,국민임대,대구율하 5단지,860,39.72,327,17264000,118300,200810
27,대구광역시 동구,국민임대,대구율하 5단지,860,39.54,45,17264000,118300,200810
27,대구광역시 동구,국민임대,대구율하 6단지,808,46.9,545,23145000,158290,200812
27,대구광역시 동구,국민임대,대구율하 6단지,808,46.89,44,23145000,158290,200812
27,대구광역시 동구,국민임대,대구율하 6단지,808,39.72,90,17148000,117510,200812
27,대구광역시 동구,국민임대,대구율하 6단지,808,39.48,129,17148000,117510,200812
27,대구광역시 동구,국민임대,대구율하 7단지,712,46.9,539,23145000,158290,200811
27,대구광역시 동구,국민임대,대구율하 7단지,712,46.89,44,23145000,158290,200811
27,대구광역시 동구,국민임대,대구율하 7단지,712,39.48,129,17148000,117510,200811
27,대구광역시 북구,국민임대,대구금호 A-3BL 국민임대주택,1252,46.94,394,29125000,275860,201701
27,대구광역시 북구,국민임대,대구금호 A-3BL 국민임대주택,1252,33.92,474,12260000,178010,201701
27,대구광역시 북구,국민임대,대구금호 A-3BL 국민임대주택,1252,26.97,384,9751000,148860,201701
27,대구광역시 북구,국민임대,"대구금호(03,택) 1단지",1088,59.6,110,37306000,368670,201410
27,대구광역시 북구,국민임대,"대구금호(03,택) 1단지",1088,46.75,324,28528000,273210,201410
27,대구광역시 북구,국민임대,"대구금호(03,택) 1단지",1088,46.5,70,28528000,273210,201410
27,대구광역시 북구,국민임대,"대구금호(03,택) 1단지",1088,39.78,96,20518000,194210,201410
27,대구광역시 북구,국민임대,"대구금호(03,택) 1단지",1088,39.71,118,20518000,194210,201410
27,대구광역시 북구,국민임대,"대구금호(03,택) 1단지",1088,36.98,48,13167000,163480,201410
27,대구광역시 북구,국민임대,"대구금호(03,택) 1단지",1088,36.94,214,13167000,163480,201410
27,대구광역시 북구,국민임대,"대구금호(03,택) 1단지",1088,33.9,108,12069000,136050,201410
27,대구광역시 북구,국민임대,"대구금호(03,택) 8단지",1022,46.67,114,29490000,289240,201605
27,대구광역시 북구,국민임대,"대구금호(03,택) 8단지",1022,39.86,368,21355000,234400,201605
27,대구광역시 북구,국민임대,"대구금호(03,택) 8단지",1022,36.7,320,13647000,223650,201605
27,대구광역시 북구,국민임대,"대구금호(03,택) 8단지",1022,33.74,220,12563000,191390,201605
27,대구광역시 북구,국민임대,대구도남 A1블록,258,43.24,100,25767000,228070,202210
27,대구광역시 북구,국민임대,대구도남 A1블록,258,29.24,158,10274000,148140,202210
27,대구광역시 북구,국민임대,대구도남 A2블록,800,46.23,442,27228000,263080,202302
27,대구광역시 북구,국민임대,대구도남 A2블록,800,37.43,96,18319000,210240,202302
27,대구광역시 북구,국민임대,대구도남 A2블록,800,29.04,262,9692000,147880,202302
27,대구광역시 북구,국민임대,대구칠곡5,714,45.32,234,16254000,124660,200210
27,대구광역시 북구,국민임대,대구칠곡5,714,36.44,480,13067000,99090,200210
27,대구광역시 북구,국민임대,대구태전1,1937,59.92,68,38015000,262170,202011
27,대구광역시 북구,국민임대,대구태전1,1937,59.87,415,38015000,262170,202011
27,대구광역시 북구,국민임대,대구태전1,1937,51.99,21,31066000,212330,202011
27,대구광역시 북구,국민임대,대구태전1,1937,51.97,2,31066000,212330,202011
27,대구광역시 북구,국민임대,대구태전1,1937,51.94,108,31066000,212330,202011
27,대구광역시 북구,국민임대,대구태전1,1937,51.89,160,31066000,212330,202011
27,대구광역시 북구,국민임대,대구태전1,1937,51.78,100,31066000,212330,202011
27,대구광역시 북구,국민임대,대구태전1,1937,51.76,80,31066000,212330,202011
27,대구광역시 북구,국민임대,대구태전1,1937,46.88,98,26477000,179520,202011
27,대구광역시 북구,국민임대,대구태전1,1937,46.78,290,26477000,179520,202011
27,대구광역시 북구,국민임대,대구태전1,1937,46.73,25,26477000,179520,202011
27,대구광역시 북구,국민임대,대구태전1,1937,46.69,78,26477000,179520,202011
27,대구광역시 북구,국민임대,대구태전1,1937,39.71,492,19006000,131070,202011
27,대구광역시 북구,국민임대,칠곡7단지,1009,47.46,9,24093000,163530,200708
27,대구광역시 북구,국민임대,칠곡7단지,1009,46.9,116,24093000,163530,200708
27,대구광역시 북구,국민임대,칠곡7단지,1009,46.59,18,24093000,163530,200708
27,대구광역시 북구,국민임대,칠곡7단지,1009,36.9,22,17165000,117330,200708
27,대구광역시 북구,국민임대,칠곡7단지,1009,36.65,130,17165000,117330,200708
27,대구광역시 중구,국민임대,남산휴먼시아 1단지,499,59.95,68,38888000,263430,200811
27,대구광역시 중구,국민임대,남산휴먼시아 1단지,499,59.88,155,38888000,263430,200811
27,대구광역시 중구,국민임대,남산휴먼시아 1단지,499,51.81,276,31360000,213230,200811
28,인천광역시 계양구,국민임대,인천동양1,630,49.91,369,21404000,219740,200605
28,인천광역시 계양구,국민임대,인천동양1,630,39.84,261,16162000,175520,200605
28,인천광역시 계양구,국민임대,인천동양2,668,49.91,349,20954000,215100,200604
28,인천광역시 계양구,국민임대,인천동양2,668,39.84,319,15823000,171840,200604
28,인천광역시 계양구,국민임대,인천동양4,324,59.61,108,29167000,287920,200610
28,인천광역시 계양구,국민임대,인천동양4,324,51.93,216,22478000,233630,200610
28,인천광역시 계양구,국민임대,인천박촌1,230,51.93,54,32895000,279420,200912
28,인천광역시 계양구,국민임대,인천박촌1,230,46.76,10,25676000,232240,200912
28,인천광역시 계양구,국민임대,인천박촌1,230,39.63,78,18550000,179020,200912
28,인천광역시 계양구,국민임대,인천박촌1,230,33.13,88,15273000,139100,200912
28,인천광역시 남동구,국민임대,인천논현12 산뒤마을,801,46.52,354,20296000,235220,200604
28,인천광역시 남동구,국민임대,인천논현12 산뒤마을,801,39.7,447,17161000,195030,200604
28,인천광역시 남동구,국민임대,인천논현14 등대마을,1800,46.81,975,20731000,240270,
28,인천광역시 남동구,국민임대,인천논현14 등대마을,1800,39.79,825,17528000,199210,
28,인천광역시 남동구,국민임대,인천논현2,1278,51.93,547,31473000,261980,200807
28,인천광역시 남동구,국민임대,인천논현2,1278,46.9,356,22508000,247510,200807
28,인천광역시 남동구,국민임대,인천논현2,1278,39.98,116,18057000,204040,200807
28,인천광역시 남동구,국민임대,인천논현2,1278,39.72,259,18057000,204040,200807
28,인천광역시 남동구,국민임대,인천논현3 하늘마을,2148,59.88,178,36985000,307600,
28,인천광역시 남동구,국민임대,인천논현3 하늘마을,2148,51.93,550,30031000,249990,
28,인천광역시 남동구,국민임대,인천논현3 하늘마을,2148,46.9,868,21478000,236180,
28,인천광역시 남동구,국민임대,인천논현3 하늘마을,2148,39.98,238,17230000,194700,
28,인천광역시 남동구,국민임대,인천논현3 하늘마을,2148,39.72,314,17230000,194700,
28,인천광역시 남동구,국민임대,인천논현5 달맞이마을,1522,46.73,52,20986000,243450,200704
28,인천광역시 남동구,국민임대,인천논현5 달맞이마을,1522,46.6,179,20986000,243450,200704
28,인천광역시 남동구,국민임대,인천논현5 달맞이마을,1522,46.55,611,20986000,243450,200704
28,인천광역시 남동구,국민임대,인천논현5 달맞이마을,1522,39.79,471,17749000,201470,200704
28,인천광역시 남동구,국민임대,인천논현5 달맞이마을,1522,39.64,209,17749000,201470,200704
28,인천광역시 남동구,국민임대,인천도림1,714,59.64,72,19987000,264360,200307
28,인천광역시 남동구,국민임대,인천도림1,714,51.72,418,18045000,235960,200307
28,인천광역시 남동구,국민임대,인천도림1,714,51.49,224,17972000,234890,200307
28,인천광역시 남동구,국민임대,인천서창1 LH,1738,46.44,474,29000000,195000,201503
28,인천광역시 남동구,국민임대,인천서창1 LH,1738,36.87,300,15000000,160000,201503
28,인천광역시 남동구,국민임대,인천서창1 LH,1738,36.81,78,15000000,160000,201503
28,인천광역시 남동구,국민임대,인천서창1 LH,1738,36.77,456,15000000,160000,201503
28,인천광역시 남동구,국민임대,인천서창1 LH,1738,36.42,50,15000000,160000,201503
28,인천광역시 남동구,국민임대,인천서창1 LH,1738,29.63,380,12000000,117000,201503
28,인천광역시 남동구,국민임대,인천서창12 LH,1534,59.97,80,45116000,312500,201405
28,인천광역시 남동구,국민임대,인천서창12 LH,1534,46.75,338,29710000,209070,201405
28,인천광역시 남동구,국민임대,인천서창12 LH,1534,36.97,561,16506000,167250,201405
28,인천광역시 남동구,국민임대,인천서창12 LH,1534,36.88,315,16506000,167250,201405
28,인천광역시 남동구,국민임대,인천서창12 LH,1534,29.97,240,13204000,123230,201405
28,인천광역시 남동구,국민임대,인천소래 3단지,2026,59.4,162,45104000,311660,201012
28,인천광역시 남동구,국민임대,인천소래 3단지,2026,51.92,270,33816000,253940,201012
28,인천광역시 남동구,국민임대,인천소래 3단지,2026,46.8,448,26154000,221610,201012
28,인천광역시 남동구,국민임대,인천소래 3단지,2026,36.62,598,17314000,171990,201012
28,인천광역시 남동구,국민임대,인천소래 3단지,2026,29.48,548,14744000,108490,201012
28,인천광역시 남동구,국민임대,인천소래1단지,882,51.92,184,36090000,253700,201601
28,인천광역시 남동구,국민임대,인천소래1단지,882,46.8,220,27701000,224870,201601
28,인천광역시 남동구,국민임대,인천소래1단지,882,36.94,72,17816000,172980,201601
28,인천광역시 남동구,국민임대,인천소래1단지,882,36.62,174,17816000,172980,201601
28,인천광역시 남동구,국민임대,인천소래1단지,882,29.48,232,15105000,109540,201601
28,인천광역시 남동구,국민임대,인천장수 LH,795,46.22,498,18826000,232660,200507
28,인천광역시 남동구,국민임대,인천장수 LH,795,36.63,297,14850000,183430,200507
28,인천광역시 미추홀구,국민임대,인천 주안역 오피스텔,16,55.89,4,52050000,264410,201709
28,인천광역시 미추홀구,국민임대,인천 주안역 오피스텔,16,55.49,4,52050000,264410,201709
28,인천광역시 미추홀구,국민임대,인천 주안역 오피스텔,16,55.31,4,52050000,264410,201709
28,인천광역시 미추홀구,국민임대,인천 주안역 오피스텔,16,55.06,4,52050000,264410,201709
28,인천광역시 부평구,국민임대,인천부평1,297,49.93,84,45073000,258340,201207
28,인천광역시 부평구,국민임대,인천부평1,297,49.85,53,45073000,258340,201207
28,인천광역시 부평구,국민임대,인천부평1,297,39.94,160,28583000,168190,201207
28,인천광역시 부평구,국민임대,인천삼산3,870,51.97,84,37593000,289210,201006
28,인천광역시 부평구,국민임대,인천삼산3,870,46.9,446,29803000,238600,201006
28,인천광역시 부평구,국민임대,인천삼산3,870,39.57,340,22479000,185570,201006
28,인천광역시 부평구,국민임대,인천삼산4,1696,45.32,1258,17830000,217750,
28,인천광역시 부평구,국민임대,인천삼산4,1696,36.44,438,14258000,169730,
28,인천광역시 서구,국민임대,인천가정3 LH,1525,59.81,132,46084000,378370,201212
28,인천광역시 서구,국민임대,인천가정3 LH,1525,46.88,116,31106000,240780,201212
28,인천광역시 서구,국민임대,인천가정3 LH,1525,46.86,198,31106000,240780,201212
28,인천광역시 서구,국민임대,인천가정3 LH,1525,46.81,49,31106000,240780,201212
28,인천광역시 서구,국민임대,인천가정3 LH,1525,36.96,710,19585000,149050,201212
28,인천광역시 서구,국민임대,인천가정3 LH,1525,36.88,76,19585000,149050,201212
28,인천광역시 서구,국민임대,인천가정3 LH,1525,29.98,244,16129000,120380,201212
28,인천광역시 서구,국민임대,인천검단 AA-5블록 국민·영구임대주택,750,46.66,50,41041000,276500,202211
28,인천광역시 서구,국민임대,인천검단 AA-5블록 국민·영구임대주택,750,46.09,198,41041000,276500,202211
28,인천광역시 서구,국민임대,인천검단 AA-5블록 국민·영구임대주택,750,37.78,248,26446000,212300,202211
28,인천광역시 서구,국민임대,인천검단 AA-5블록 국민·영구임대주택,750,37.13,54,26446000,212300,202211
28,인천광역시 서구,국민임대,인천검단 AA-5블록 국민·영구임대주택,750,29.37,200,15095000,161100,202211
28,인천광역시 서구,국민임대,인천마전,621,46.22,353,17780000,178230,200404
28,인천광역시 서구,국민임대,인천마전,621,36.63,268,14003000,139230,200404
28,인천광역시 서구,국민임대,인천청라 4 LH,1255,59.95,168,44812000,384140,201109
28,인천광역시 서구,국민임대,인천청라 4 LH,1255,46.64,420,28706000,240090,201109
28,인천광역시 서구,국민임대,인천청라 4 LH,1255,36.86,406,17394000,150040,201109
28,인천광역시 서구,국민임대,인천청라 4 LH,1255,36.74,216,17394000,150040,201109
28,인천광역시 서구,국민임대,인천청라 4 LH,1255,36.66,45,17394000,150040,201109
28,인천광역시 옹진군,국민임대,옹진백령 마을정비형 공공주택,50,43.33,16,20152000,200380,202007
28,인천광역시 옹진군,국민임대,옹진백령 마을정비형 공공주택,50,33.07,28,9826000,153600,202007
28,인천광역시 옹진군,국민임대,옹진백령 마을정비형 공공주택,50,26.8,6,7707000,128870,202007
28,인천광역시 옹진군,국민임대,옹진연평 마을정비형 공공주택,40,46.79,6,21757000,215810,202210
28,인천광역시 옹진군,국민임대,옹진연평 마을정비형 공공주택,40,33.98,8,9004000,136740,202210
28,인천광역시 옹진군,국민임대,옹진연평 마을정비형 공공주택,40,29.75,16,7074000,111950,202210
28,인천광역시 옹진군,국민임대,옹진연평 마을정비형 공공주택,40,24.7,10,5690000,95990,202210
28,인천광역시 중구,국민임대,인천영종 A67블록 국민임대,457,46.01,139,50420000,261600,202203
28,인천광역시 중구,국민임대,인천영종 A67블록 국민임대,457,37.33,212,32903000,202060,202203
28,인천광역시 중구,국민임대,인천영종 A67블록 국민임대,457,29.07,106,18903000,153260,202203
28,인천광역시 중구,국민임대,인천영종1 LH,770,59.83,116,39614000,233270,
28,인천광역시 중구,국민임대,인천영종1 LH,770,46.13,129,25309000,148540,
28,인천광역시 중구,국민임대,인천영종1 LH,770,36.34,412,15405000,93520,
28,인천광역시 중구,국민임대,인천영종1 LH,770,29.75,113,12104000,78110,
28,인천광역시 중구,국민임대,인천영종7 LH,784,51.7,142,28583000,178080,
28,인천광역시 중구,국민임대,인천영종7 LH,784,46.13,129,23086000,136310,
28,인천광역시 중구,국민임대,인천영종7 LH,784,36.34,399,14291000,83540,
28,인천광역시 중구,국민임대,인천영종7 LH,784,29.75,114,10993000,71450,
41,경기도 가평군,국민임대,가평읍내2단지,335,51.64,71,22412000,125320,201009
41,경기도 가평군,국민임대,가평읍내2단지,335,51.45,25,22412000,125320,201009
41,경기도 가평군,국민임대,가평읍내2단지,335,41.05,165,15423000,84340,201009
41,경기도 가평군,국민임대,가평읍내2단지,335,33.13,74,10242000,57830,201009
41,경기도 고양시 덕양구,국민임대,고양삼송12(A12BL),1372,46.21,280,51461000,319070,201907
41,경기도 고양시 덕양구,국민임대,고양삼송12(A12BL),1372,37.25,528,32278000,239940,201907
41,경기도 고양시 덕양구,국민임대,고양삼송12(A12BL),1372,26.16,564,16565000,168470,201907
41,경기도 고양시 덕양구,국민임대,고양삼송14,930,59.25,64,54752000,412560,201409
41,경기도 고양시 덕양구,국민임대,고양삼송14,930,51.98,110,44767000,339050,201409
41,경기도 고양시 덕양구,국민임대,고양삼송14,930,46.94,55,35660000,278690,201409
41,경기도 고양시 덕양구,국민임대,고양삼송14,930,46.91,258,35660000,278690,201409
41,경기도 고양시 덕양구,국민임대,고양삼송14,930,46.52,123,35660000,278690,201409
41,경기도 고양시 덕양구,국민임대,고양삼송14,930,36.71,34,21505000,202980,201409
41,경기도 고양시 덕양구,국민임대,고양삼송14,930,36.62,286,21505000,202980,201409
41,경기도 고양시 덕양구,국민임대,고양삼송16,1201,59.25,168,53765000,384030,201311
41,경기도 고양시 덕양구,국민임대,고양삼송16,1201,51.98,124,43890000,329170,201311
41,경기도 고양시 덕양구,국민임대,고양삼송16,1201,46.94,71,37306000,274310,201311
41,경기도 고양시 덕양구,국민임대,고양삼송16,1201,46.91,278,37306000,274310,201311
41,경기도 고양시 덕양구,국민임대,고양삼송16,1201,46.52,139,37306000,274310,201311
41,경기도 고양시 덕양구,국민임대,고양삼송16,1201,36.71,34,19750000,197500,201311
41,경기도 고양시 덕양구,국민임대,고양삼송16,1201,36.62,281,19750000,197500,201311
41,경기도 고양시 덕양구,국민임대,고양삼송16,1201,26.49,106,14264000,153610,201311
41,경기도 고양시 덕양구,국민임대,고양삼송18,1890,59.25,228,58800000,399000,201507
41,경기도 고양시 덕양구,국민임대,고양삼송18,1890,51.98,222,46200000,346500,201507
41,경기도 고양시 덕양구,국민임대,고양삼송18,1890,46.91,293,36750000,304500,201507
41,경기도 고양시 덕양구,국민임대,고양삼송18,1890,46.67,135,36750000,304500,201507
41,경기도 고양시 덕양구,국민임대,고양삼송18,1890,36.62,708,19950000,220500,201507
41,경기도 고양시 덕양구,국민임대,고양삼송18,1890,36.51,164,19950000,220500,201507
41,경기도 고양시 덕양구,국민임대,고양삼송18,1890,26.49,140,14700000,162750,201507
41,경기도 고양시 덕양구,국민임대,고양삼송2(신원),1495,59.95,166,52743000,378370,201305
41,경기도 고양시 덕양구,국민임대,고양삼송2(신원),1495,51.6,238,41277000,309580,201305
41,경기도 고양시 덕양구,국민임대,고양삼송2(신원),1495,46.46,503,33251000,275170,201305
41,경기도 고양시 덕양구,국민임대,고양삼송2(신원),1495,36.74,476,20523000,194910,201305
41,경기도 고양시 덕양구,국민임대,고양삼송2(신원),1495,26.64,112,14790000,149050,201305
41,경기도 고양시 덕양구,국민임대,고양삼송3(신원),866,59.95,78,52743000,378370,201306
41,경기도 고양시 덕양구,국민임대,고양삼송3(신원),866,51.6,40,41277000,309580,201306
41,경기도 고양시 덕양구,국민임대,고양삼송3(신원),866,46.46,476,33251000,275170,201306
41,경기도 고양시 덕양구,국민임대,고양삼송3(신원),866,36.74,272,20523000,194910,201306
41,경기도 고양시 덕양구,국민임대,고양삼송4(신원),1302,46.98,450,47070000,313800,999912
41,경기도 고양시 덕양구,국민임대,고양삼송4(신원),1302,36.92,384,22279000,247900,999912
41,경기도 고양시 덕양구,국민임대,고양삼송4(신원),1302,26.98,468,16317000,175720,999912
41,경기도 고양시 덕양구,국민임대,고양원흥1,1238,46.27,392,30723000,263340,201410
41,경기도 고양시 덕양구,국민임대,고양원흥1,1238,36.73,846,18104000,186530,201410
41,경기도 고양시 덕양구,국민임대,고양지축 S-1블록 국민·영구임대주택,750,46.8,216,50025000,265510,202110
41,경기도 고양시 덕양구,국민임대,고양지축 S-1블록 국민·영구임대주택,750,37.61,108,32171000,204060,202110
41,경기도 고양시 덕양구,국민임대,고양지축 S-1블록 국민·영구임대주택,750,29.5,426,18664000,156540,202110
41,경기도 고양시 덕양구,국민임대,고양행신1(서정),1185,46.9,730,34477000,288920,200808
41,경기도 고양시 덕양구,국민임대,고양행신1(서정),1185,39.72,112,25004000,209950,200808
41,경기도 고양시 덕양구,국민임대,고양행신1(서정),1185,39.48,343,24877000,208470,200808
41,경기도 고양시 덕양구,국민임대,고양행신2(서정),477,46.9,264,31331000,262690,200804
41,경기도 고양시 덕양구,국민임대,고양행신2(서정),477,39.48,213,22412000,188300,200804
41,경기도 고양시 덕양구,국민임대,고양행신3(서정),1046,46.9,592,34477000,288920,200807
41,경기도 고양시 덕양구,국민임대,고양행신3(서정),1046,39.72,170,25004000,209950,200807
41,경기도 고양시 덕양구,국민임대,고양행신3(서정),1046,39.48,284,24877000,208470,200807
41,경기도 고양시 덕양구,국민임대,고양향동 A1BL,431,46.48,32,56807000,306540,201912
41,경기도 고양시 덕양구,국민임대,고양향동 A1BL,431,37.73,193,36866000,239390,201912
41,경기도 고양시 덕양구,국민임대,고양향동 A1BL,431,23.87,206,17039000,148090,201912
41,경기도 고양시 일산동구,국민임대,고양일산1(하늘),1378,59.89,20,37058000,309780,200711
41,경기도 고양시 일산동구,국민임대,고양일산1(하늘),1378,59.57,396,36818000,308470,200711
41,경기도 고양시 일산동구,국민임대,고양일산1(하늘),1378,51.86,962,30101000,251500,200711
41,경기도 고양시 일산동구,국민임대,고양일산3(하늘),583,59.89,36,38577000,322480,200706
41,경기도 고양시 일산동구,국민임대,고양일산3(하늘),583,59.57,367,38327000,321110,200706
41,경기도 고양시 일산동구,국민임대,고양일산3(하늘),583,51.86,180,31335000,261810,200706
41,경기도 고양시 일산동구,국민임대,고양일산4(하늘),782,46.48,80,26092000,211440,200706
41,경기도 고양시 일산동구,국민임대,고양일산4(하늘),782,46.47,180,26092000,211370,200706
41,경기도 고양시 일산동구,국민임대,고양일산4(하늘),782,39.15,174,19723000,166960,200706
41,경기도 고양시 일산동구,국민임대,고양일산4(하늘),782,36.22,348,15854000,160640,200706
41,경기도 고양시 일산동구,국민임대,고양풍동1(숲속),1019,46.9,400,25667000,214340,200711
41,경기도 고양시 일산동구,국민임대,고양풍동1(숲속),1019,39.72,440,19159000,161120,200711
41,경기도 고양시 일산동구,국민임대,고양풍동1(숲속),1019,39.48,179,19039000,160220,200711
41,경기도 고양시 일산동구,국민임대,고양풍동4(숲속),822,59.57,144,29422000,291070,
41,경기도 고양시 일산동구,국민임대,고양풍동4(숲속),822,59.45,266,29360000,290460,
41,경기도 고양시 일산동구,국민임대,고양풍동4(숲속),822,51.88,412,25016000,246320,
41,경기도 광명시,국민임대,광명소하1(국임),593,51.93,187,45193000,308350,200909
41,경기도 광명시,국민임대,광명소하1(국임),593,46.9,195,37454000,259660,200909
41,경기도 광명시,국민임대,광명소하1(국임),593,39.72,40,23720000,197230,200909
41,경기도 광명시,국민임대,광명소하1(국임),593,39.59,171,23720000,197230,200909
41,경기도 광명시,국민임대,광명소하4(국임),898,59.61,106,59245000,356190,200908
41,경기도 광명시,국민임대,광명소하4(국임),898,51.93,180,43414000,296210,200908
41,경기도 광명시,국민임대,광명소하4(국임),898,46.9,293,35979000,249440,200908
41,경기도 광명시,국민임대,광명소하4(국임),898,39.72,100,22786000,189470,200908
41,경기도 광명시,국민임대,광명소하4(국임),898,39.59,219,22786000,189470,200908
41,경기도 광명시,국민임대,광명소하6(국임),1174,59.61,168,59245000,356190,200906
41,경기도 광명시,국민임대,광명소하6(국임),1174,51.93,202,43414000,296210,200906
41,경기도 광명시,국민임대,광명소하6(국임),1174,46.96,33,35979000,249440,200906
41,경기도 광명시,국민임대,광명소하6(국임),1174,46.9,349,35979000,249440,200906
41,경기도 광명시,국민임대,광명소하6(국임),1174,39.77,174,22786000,189470,200906
41,경기도 광명시,국민임대,광명소하6(국임),1174,39.72,248,22786000,189470,200906
41,경기도 광명시,국민임대,"광명신촌(03,주환) 2단지",875,59.94,136,58813000,358640,201010
41,경기도 광명시,국민임대,"광명신촌(03,주환) 2단지",875,59.92,28,58813000,358640,201010
41,경기도 광명시,국민임대,"광명신촌(03,주환) 2단지",875,59.87,296,58813000,358640,201010
41,경기도 광명시,국민임대,"광명신촌(03,주환) 2단지",875,59.59,142,58813000,358640,201010
41,경기도 광명시,국민임대,"광명신촌(03,주환) 2단지",875,51.9,103,43821000,296360,201010
41,경기도 광명시,국민임대,"광명신촌(03,주환) 2단지",875,51.81,15,43821000,296360,201010
41,경기도 광명시,국민임대,"광명신촌(03,주환) 2단지",875,46.96,89,35748000,252540,201010
41,경기도 광명시,국민임대,"광명신촌(03,주환) 2단지",875,39.62,66,21910000,190270,201010
41,경기도 광명시,국민임대,"광명역세권(03,택) 1단지",1354,51.96,554,41784000,285100,201012
41,경기도 광명시,국민임대,"광명역세권(03,택) 1단지",1354,51.71,24,41784000,285100,201012
41,경기도 광명시,국민임대,"광명역세권(03,택) 1단지",1354,46.9,296,34629000,240090,201012
41,경기도 광명시,국민임대,"광명역세권(03,택) 1단지",1354,46.81,60,34629000,240090,201012
41,경기도 광명시,국민임대,"광명역세권(03,택) 1단지",1354,39.79,420,21931000,182370,201012
41,경기도 광명시,국민임대,"광명역세권(03,택) 2단지",754,51.96,265,41784000,285100,201012
41,경기도 광명시,국민임대,"광명역세권(03,택) 2단지",754,51.71,51,41784000,285100,201012
41,경기도 광명시,국민임대,"광명역세권(03,택) 2단지",754,51.46,60,41784000,285100,201012
41,경기도 광명시,국민임대,"광명역세권(03,택) 2단지",754,46.9,232,34629000,240090,201012
41,경기도 광명시,국민임대,"광명역세권(03,택) 2단지",754,46.81,30,34629000,240090,201012
41,경기도 광명시,국민임대,"광명역세권(03,택) 2단지",754,39.79,116,21931000,182370,201012
41,경기도 구리시,국민임대,구리갈매1단지,1166,46.74,144,36600000,255000,201607
41,경기도 구리시,국민임대,구리갈매1단지,1166,46.46,140,36600000,255000,201607
41,경기도 구리시,국민임대,구리갈매1단지,1166,36.98,556,16950000,200000,201607
41,경기도 구리시,국민임대,구리갈매1단지,1166,36.89,326,16950000,200000,201607
41,경기도 군포시,국민임대,군포당동2(05) 1단지,414,46.51,110,38622000,322580,1
41,경기도 군포시,국민임대,군포당동2(05) 1단지,414,36.56,278,21176000,229320,1
41,경기도 군포시,국민임대,군포당동2(05) 1단지,414,26.66,26,15361000,162390,1
41,경기도 군포시,국민임대,군포부곡1(국임),561,51.16,94,42119000,263850,1
41,경기도 군포시,국민임대,군포부곡1(국임),561,46.39,102,32704000,222970,1
41,경기도 군포시,국민임대,군포부곡1(국임),561,46.37,158,32704000,222970,1
41,경기도 군포시,국민임대,군포부곡1(국임),561,36.73,207,18581000,157300,1
41,경기도 군포시,국민임대,군포부곡2(국임),891,59.42,140,52059000,327770,1
41,경기도 군포시,국민임대,군포부곡2(국임),891,51.16,168,40972000,256670,1
41,경기도 군포시,국민임대,군포부곡2(국임),891,46.39,114,31814000,216900,1
41,경기도 군포시,국민임대,군포부곡2(국임),891,46.37,134,31814000,216900,1
41,경기도 군포시,국민임대,군포부곡2(국임),891,36.73,335,18075000,153020,1
41,경기도 군포시,국민임대,군포송정 A-1블록 국민임대,120,33.97,18,17311000,174630,201907
41,경기도 군포시,국민임대,군포송정 A-1블록 국민임대,120,33.82,102,17311000,174630,201907
41,경기도 김포시,국민임대,김포마송,970,45.32,360,17676000,98910,200305
41,경기도 김포시,국민임대,김포마송,970,45.03,30,17563000,98260,200305
41,경기도 김포시,국민임대,김포마송,970,36.44,296,14212000,79510,200305
41,경기도 김포시,국민임대,김포마송,970,36.34,120,14171000,79290,200305
41,경기도 김포시,국민임대,김포마송,970,36.2,164,14119000,78990,200305
41,경기도 김포시,국민임대,김포마송 A-3블록 국민임대,1088,46.33,546,29394000,213170,202103
41,경기도 김포시,국민임대,김포마송 A-3블록 국민임대,1088,37.49,212,18642000,159680,202103
41,경기도 김포시,국민임대,김포마송 A-3블록 국민임대,1088,29.82,330,10144000,115170,202103
41,경기도 김포시,국민임대,김포마송 B-7블록 국민임대,712,51.31,162,33603000,249580,202212
41,경기도 김포시,국민임대,김포마송 B-7블록 국민임대,712,43.21,194,25786000,196850,202212
41,경기도 김포시,국민임대,김포마송 B-7블록 국민임대,712,37.23,142,19135000,178450,202212
41,경기도 김포시,국민임대,김포마송 B-7블록 국민임대,712,29.78,214,10235000,126280,202212
41,경기도 김포시,국민임대,김포마송10(매수리마을),699,55.89,114,35688000,240090,202203
41,경기도 김포시,국민임대,김포마송10(매수리마을),699,51.99,60,30576000,207770,202203
41,경기도 김포시,국민임대,김포마송10(매수리마을),699,51.53,103,30576000,207770,202203
41,경기도 김포시,국민임대,김포마송10(매수리마을),699,46.87,310,23500000,177750,202203
41,경기도 김포시,국민임대,김포마송10(매수리마을),699,36.86,112,15649000,120150,202203
41,경기도 김포시,국민임대,김포마송9(매수리마을),951,55.89,138,33745000,229260,202203
41,경기도 김포시,국민임대,김포마송9(매수리마을),951,51.99,177,28332000,206220,202203
41,경기도 김포시,국민임대,김포마송9(매수리마을),951,46.87,341,22436000,171650,202203
41,경기도 김포시,국민임대,김포마송9(매수리마을),951,36.86,295,15041000,118890,202203
41,경기도 김포시,국민임대,김포서암단지,836,51.93,90,27261000,226660,202105
41,경기도 김포시,국민임대,김포서암단지,836,46.9,387,22152000,183480,202105
41,경기도 김포시,국민임대,김포서암단지,836,39.98,129,16634000,136060,202105
41,경기도 김포시,국민임대,김포서암단지,836,39.72,230,16634000,136060,202105
41,경기도 김포시,국민임대,김포양곡,718,45.01,270,17656000,101700,202202
41,경기도 김포시,국민임대,김포양곡,718,36.35,60,14939000,78060,202202
41,경기도 김포시,국민임대,김포양곡,718,36.34,30,14939000,78060,202202
41,경기도 김포시,국민임대,김포양곡,718,36.3,298,14939000,78060,202202
41,경기도 김포시,국민임대,김포양곡,718,36.25,60,14939000,78060,202202
41,경기도 김포시,국민임대,김포양곡1(곡촌마을),421,55.6,87,36314000,241600,202105
41,경기도 김포시,국민임대,김포양곡1(곡촌마을),421,51.93,58,31728000,225450,202105
41,경기도 김포시,국민임대,김포양곡1(곡촌마을),421,46.97,218,24700000,189520,202105
41,경기도 김포시,국민임대,김포양곡1(곡촌마을),421,36.65,58,15202000,120130,202105
41,경기도 김포시,국민임대,김포양곡2(곡촌마을),557,55.6,54,37983000,252710,202105
41,경기도 김포시,국민임대,김포양곡2(곡촌마을),557,51.93,160,31728000,225450,202105
41,경기도 김포시,국민임대,김포양곡2(곡촌마을),557,46.97,157,24700000,189520,202105
41,경기도 김포시,국민임대,김포양곡2(곡촌마을),557,36.65,186,15202000,120130,202105
41,경기도 김포시,국민임대,김포양곡2-1단지,818,59.89,180,42442000,311660,202105
41,경기도 김포시,국민임대,김포양곡2-1단지,818,51.93,292,33601000,224680,202105
41,경기도 김포시,국민임대,김포양곡2-1단지,818,51.86,43,33601000,224680,202105
41,경기도 김포시,국민임대,김포양곡2-1단지,818,36.62,105,16299000,123750,202105
41,경기도 김포시,국민임대,김포양곡2-1단지,818,29.91,198,13336000,93710,202105
41,경기도 김포시,국민임대,김포양곡6(곡촌마을),377,55.6,66,36314000,241600,202203
41,경기도 김포시,국민임대,김포양곡6(곡촌마을),377,51.93,90,31728000,225450,202203
41,경기도 김포시,국민임대,김포양곡6(곡촌마을),377,46.97,163,24700000,189520,202203
41,경기도 김포시,국민임대,김포양곡6(곡촌마을),377,36.65,58,15202000,120130,202203
41,경기도 김포시,국민임대,김포양곡8(고다니마을),765,55.6,114,37983000,252710,202105
41,경기도 김포시,국민임대,김포양곡8(고다니마을),765,51.93,168,31728000,225450,202105
41,경기도 김포시,국민임대,김포양곡8(고다니마을),765,46.97,137,24700000,189520,202105
41,경기도 김포시,국민임대,김포양곡8(고다니마을),765,46.9,82,24700000,189520,202105
41,경기도 김포시,국민임대,김포양곡8(고다니마을),765,36.97,87,15202000,120130,202105
41,경기도 김포시,국민임대,김포양곡8(고다니마을),765,36.68,177,15202000,120130,202105
41,경기도 김포시,국민임대,김포양곡9(고다니마을),384,55.98,51,39225000,252090,202012
41,경기도 김포시,국민임대,김포양곡9(고다니마을),384,55.6,66,39225000,252090,202012
41,경기도 김포시,국민임대,김포양곡9(고다니마을),384,46.97,28,25698000,189670,202012
41,경기도 김포시,국민임대,김포양곡9(고다니마을),384,46.9,45,25698000,189670,202012
41,경기도 김포시,국민임대,김포양곡9(고다니마을),384,36.97,45,15664000,123620,202012
41,경기도 김포시,국민임대,김포양곡9(고다니마을),384,36.68,149,15664000,123620,202012
41,경기도 김포시,국민임대,김포양촌1(원님마을),314,46.98,83,23312000,189520,202105
41,경기도 김포시,국민임대,김포양촌1(원님마을),314,46.94,29,23312000,189520,202105
41,경기도 김포시,국민임대,김포양촌1(원님마을),314,39.61,72,16589000,136250,202105
41,경기도 김포시,국민임대,김포양촌1(원님마을),314,33.92,72,13355000,102800,202105
41,경기도 김포시,국민임대,김포양촌1(원님마을),314,33.77,58,13355000,102800,202105
41,경기도 김포시,국민임대,김포장기,1114,59.89,180,40205000,333630,200806
41,경기도 김포시,국민임대,김포장기,1114,51.93,280,32997000,272630,200806
41,경기도 김포시,국민임대,김포장기,1114,46.96,29,26889000,221980,200806
41,경기도 김포시,국민임대,김포장기,1114,46.9,465,26889000,221980,200806
41,경기도 김포시,국민임대,김포장기,1114,39.56,160,19272000,158370,200806
41,경기도 김포시,국민임대,김포한강나비3단지,690,59.46,166,43680000,312310,202012
41,경기도 김포시,국민임대,김포한강나비3단지,690,46.56,524,28392000,194370,202012
41,경기도 김포시,국민임대,김포한강솔터2단지,1860,59.42,80,43745000,328610,202105
41,경기도 김포시,국민임대,김포한강솔터2단지,1860,46.83,96,29840000,210410,202105
41,경기도 김포시,국민임대,김포한강솔터2단지,1860,46.56,352,29840000,210410,202105
41,경기도 김포시,국민임대,김포한강솔터2단지,1860,36.63,96,17871000,144190,202105
41,경기도 김포시,국민임대,김포한강솔터2단지,1860,36.61,48,17871000,144190,202105
41,경기도 김포시,국민임대,김포한강솔터2단지,1860,36.52,94,17871000,144190,202105
41,경기도 김포시,국민임대,김포한강솔터2단지,1860,36.47,388,17871000,144190,202105
41,경기도 김포시,국민임대,김포한강솔터2단지,1860,36.37,424,17871000,144190,202105
41,경기도 김포시,국민임대,김포한강솔터2단지,1860,29.57,282,14184000,115830,202105
41,경기도 김포시,국민임대,김포한강솔터3단지,2230,59.43,192,44717000,322170,202012
41,경기도 김포시,국민임대,김포한강솔터3단지,2230,46.83,455,29811000,200640,202012
41,경기도 김포시,국민임대,김포한강솔터3단지,2230,46.56,34,29811000,200640,202012
41,경기도 김포시,국민임대,김포한강솔터3단지,2230,36.63,46,17198000,142160,202012
41,경기도 김포시,국민임대,김포한강솔터3단지,2230,36.61,73,17198000,142160,202012
41,경기도 김포시,국민임대,김포한강솔터3단지,2230,36.52,130,17198000,142160,202012
41,경기도 김포시,국민임대,김포한강솔터3단지,2230,36.45,192,17198000,142160,202012
41,경기도 김포시,국민임대,김포한강솔터3단지,2230,36.36,722,17198000,142160,202012
41,경기도 김포시,국민임대,김포한강솔터3단지,2230,29.57,386,13758000,114650,202012
41,경기도 김포시,국민임대,수정마을2단지,1250,51.98,26,40863000,276370,202012
41,경기도 김포시,국민임대,수정마을2단지,1250,51.96,104,40863000,276370,202012
41,경기도 김포시,국민임대,수정마을2단지,1250,46.87,152,30731000,222290,202012
41,경기도 김포시,국민임대,수정마을2단지,1250,46.66,86,30731000,222290,202012
41,경기도 김포시,국민임대,수정마을2단지,1250,39.77,494,22589000,170610,202012
41,경기도 김포시,국민임대,수정마을2단지,1250,39.66,98,22589000,170610,202012
41,경기도 김포시,국민임대,수정마을2단지,1250,33.66,290,16942000,138180,202012
41,경기도 남양주시,국민임대,남양주가운1,1417,46.71,88,32839000,274950,200810
41,경기도 남양주시,국민임대,남양주가운1,1417,46.7,480,32839000,274800,200810
41,경기도 남양주시,국민임대,남양주가운1,1417,46.61,196,32839000,273770,200810
41,경기도 남양주시,국민임대,남양주가운1,1417,36.79,596,16661000,193510,200810
41,경기도 남양주시,국민임대,남양주가운1,1417,36.47,57,16540000,191660,200810
41,경기도 남양주시,국민임대,남양주가운2,388,46.7,150,34349000,287440,200810
41,경기도 남양주시,국민임대,남양주가운2,388,46.61,52,34349000,286360,200810
41,경기도 남양주시,국민임대,남양주가운2,388,36.79,179,17427000,202410,200810
41,경기도 남양주시,국민임대,남양주가운2,388,36.47,7,17300000,200470,200810
41,경기도 남양주시,국민임대,남양주마석,488,59.64,120,17647000,234590,200305
41,경기도 남양주시,국민임대,남양주마석,488,51.95,210,15372000,201600,200305
41,경기도 남양주시,국민임대,남양주마석,488,51.49,158,15236000,199630,200305
41,경기도 남양주시,국민임대,남양주미리내마을4-3단지,368,46.85,64,47698000,308130,201701
41,경기도 남양주시,국민임대,남양주미리내마을4-3단지,368,37.98,128,30928000,238380,201701
41,경기도 남양주시,국민임대,남양주미리내마을4-3단지,368,26.99,176,16031000,168640,201701
41,경기도 남양주시,국민임대,남양주미리내마을4-4단지,1331,59.4,150,56996000,411200,201401
41,경기도 남양주시,국민임대,남양주미리내마을4-4단지,1331,51.98,86,45574000,362080,201401
41,경기도 남양주시,국민임대,남양주미리내마을4-4단지,1331,51.57,108,45574000,362080,201401
41,경기도 남양주시,국민임대,남양주미리내마을4-4단지,1331,46.94,50,37122000,302680,201401
41,경기도 남양주시,국민임대,남양주미리내마을4-4단지,1331,46.7,100,37122000,302680,201401
41,경기도 남양주시,국민임대,남양주미리내마을4-4단지,1331,46.64,36,37122000,302680,201401
41,경기도 남양주시,국민임대,남양주미리내마을4-4단지,1331,46.42,257,37122000,302680,201401
41,경기도 남양주시,국민임대,남양주미리내마을4-4단지,1331,36.73,150,20217000,215870,201401
41,경기도 남양주시,국민임대,남양주미리내마을4-4단지,1331,36.64,262,20217000,215870,201401
41,경기도 남양주시,국민임대,남양주미리내마을4-4단지,1331,26.88,84,14848000,158760,201401
41,경기도 남양주시,국민임대,남양주미리내마을4-4단지,1331,26.47,48,14848000,158760,201401
41,경기도 남양주시,국민임대,남양주별가람1-3단지,679,51.25,125,44546000,365510,201311
41,경기도 남양주시,국민임대,남양주별가람1-3단지,679,46.42,274,36551000,302680,201311
41,경기도 남양주시,국민임대,남양주별가람1-3단지,679,36.64,280,20559000,199880,201311
41,경기도 남양주시,국민임대,남양주별내A13BL 국민임대,787,46.16,304,46152000,302140,202109
41,경기도 남양주시,국민임대,남양주별내A13BL 국민임대,787,37.7,331,30147000,235100,202109
41,경기도 남양주시,국민임대,남양주별내A13BL 국민임대,787,26.4,152,15431000,164000,202109
41,경기도 남양주시,국민임대,남양주별빛3-5단지,752,51.85,176,47001000,338840,201412
41,경기도 남양주시,국민임대,남양주별빛3-5단지,752,46.42,138,37163000,295120,201412
41,경기도 남양주시,국민임대,남양주별빛3-5단지,752,36.64,438,19784000,224070,201412
41,경기도 남양주시,국민임대,남양주별빛3단지,1144,59.4,128,55540000,419640,201310
41,경기도 남양주시,국민임대,남양주별빛3단지,1144,51.98,122,44176000,368040,201310
41,경기도 남양주시,국민임대,남양주별빛3단지,1144,46.94,64,36242000,301540,201310
41,경기도 남양주시,국민임대,남양주별빛3단지,1144,46.7,140,36242000,301540,201310
41,경기도 남양주시,국민임대,남양주별빛3단지,1144,46.42,72,36242000,301540,201310
41,경기도 남양주시,국민임대,남양주별빛3단지,1144,36.73,210,21085000,201790,201310
41,경기도 남양주시,국민임대,남양주별빛3단지,1144,36.64,168,21085000,201790,201310
41,경기도 남양주시,국민임대,남양주별빛3단지,1144,26.88,132,15340000,150190,201310
41,경기도 남양주시,국민임대,남양주별빛3단지,1144,26.47,108,15340000,150190,201310
41,경기도 남양주시,국민임대,남양주별사랑2-10단지,886,51.5,120,44772000,338520,201411
41,경기도 남양주시,국민임대,남양주별사랑2-10단지,886,46.7,382,36036000,283920,201411
41,경기도 남양주시,국민임대,남양주별사랑2-10단지,886,46.42,68,36036000,283920,201411
41,경기도 남양주시,국민임대,남양주별사랑2-10단지,886,36.73,282,19656000,202010,201411
41,경기도 남양주시,국민임대,남양주별사랑2-10단지,886,26.97,34,14196000,152880,201411
41,경기도 남양주시,국민임대,남양주별사랑2-2단지,574,51.25,114,47283000,329770,201411
41,경기도 남양주시,국민임대,남양주별사랑2-2단지,574,46.42,240,36036000,300290,201411
41,경기도 남양주시,국민임대,남양주별사랑2-2단지,574,36.64,220,19109000,218400,201411
41,경기도 남양주시,국민임대,남양주별사랑2-7단지,772,51.88,120,48312000,338840,201505
41,경기도 남양주시,국민임대,남양주별사랑2-7단지,772,46.79,320,39349000,312610,201505
41,경기도 남양주시,국민임대,남양주별사랑2-7단지,772,36.94,40,19893000,240470,201505
41,경기도 남양주시,국민임대,남양주별사랑2-7단지,772,36.65,180,19893000,240470,201505
41,경기도 남양주시,국민임대,남양주별사랑2-7단지,772,26.98,112,14756000,169420,201505
41,경기도 남양주시,국민임대,남양주별사랑2-9단지,483,51.57,48,48312000,338840,201505
41,경기도 남양주시,국민임대,남양주별사랑2-9단지,483,46.42,173,39349000,312610,201505
41,경기도 남양주시,국민임대,남양주별사랑2-9단지,483,36.64,262,19893000,240470,201505
41,경기도 남양주시,국민임대,남양주장현3단지,822,59.88,284,31583000,263600,200908
41,경기도 남양주시,국민임대,남양주장현3단지,822,51.93,102,28214000,194210,200908
41,경기도 남양주시,국민임대,남양주장현3단지,822,51.77,436,28214000,192910,200908
41,경기도 남양주시,국민임대,남양주진접16단지,1129,59.88,240,34562000,289880,201004
41,경기도 남양주시,국민임대,남양주진접16단지,1129,51.93,443,26385000,220490,201004
41,경기도 남양주시,국민임대,남양주진접16단지,1129,46.9,446,21555000,179620,201004
41,경기도 남양주시,국민임대,남양주진접17단지,1479,51.93,420,26385000,220490,201005
41,경기도 남양주시,국민임대,남양주진접17단지,1479,46.9,793,21555000,179620,201005
41,경기도 남양주시,국민임대,남양주진접17단지,1479,39.72,266,15111000,126340,201005
41,경기도 남양주시,국민임대,남양주진접24단지,1138,51.93,382,26385000,220490,201006
41,경기도 남양주시,국민임대,남양주진접24단지,1138,46.9,623,21555000,179620,201006
41,경기도 남양주시,국민임대,남양주진접24단지,1138,39.48,133,15111000,126340,201006
41,경기도 남양주시,국민임대,남양주퇴계원3단지,330,59.88,150,35455000,297220,200709
41,경기도 남양주시,국민임대,남양주퇴계원3단지,330,59.83,30,35455000,296720,200709
41,경기도 남양주시,국민임대,남양주퇴계원3단지,330,51.86,150,28838000,241080,200709
41,경기도 남양주시,국민임대,남양주퇴계원4단지,386,59.88,296,34059000,285520,200709
41,경기도 남양주시,국민임대,남양주퇴계원4단지,386,51.86,90,27703000,231590,200709
41,경기도 남양주시,국민임대,남양주호평1단지,600,51.6,104,27431000,269920,201311
41,경기도 남양주시,국민임대,남양주호평1단지,600,46.9,281,24139000,216150,201311
41,경기도 남양주시,국민임대,남양주호평1단지,600,36.75,215,17556000,159090,201311
41,경기도 남양주시,국민임대,남양주호평20단지,456,59.57,216,23097000,297330,200605
41,경기도 남양주시,국민임대,남양주호평20단지,456,46.81,120,17803000,201500,200605
41,경기도 남양주시,국민임대,남양주호평20단지,456,39.48,120,14958000,141870,200605
41,경기도 남양주시,국민임대,남양주호평23,496,59.56,198,25257000,254470,200408
41,경기도 남양주시,국민임대,남양주호평23,496,51.86,298,21469000,226170,200408
41,경기도 남양주시,국민임대,남양주호평6단지,755,59.88,212,36432000,301010,201009
41,경기도 남양주시,국민임대,남양주호평6단지,755,51.93,303,29235000,242780,201009
41,경기도 남양주시,국민임대,남양주호평6단지,755,39.72,240,19138000,158540,201009
41,경기도 동두천시,국민임대,동두천생연3,525,59.89,102,26510000,204850,201004
41,경기도 동두천시,국민임대,동두천생연3,525,46.9,296,18075000,132540,201004
41,경기도 동두천시,국민임대,동두천생연3,525,36.65,127,12653000,84340,201004
41,경기도 동두천시,국민임대,동두천송내3,1018,59.57,401,19437000,140970,200511
41,경기도 동두천시,국민임대,동두천송내3,1018,51.86,260,16921000,122630,200511
41,경기도 동두천시,국민임대,동두천송내3,1018,46.81,180,15073000,95200,200511
41,경기도 동두천시,국민임대,동두천송내3,1018,39.48,177,12628000,81090,200511
41,경기도 부천시,국민임대,부천상동3,636,59.64,302,22883000,323060,200211
41,경기도 부천시,국민임대,부천상동3,636,51.95,212,19930000,274990,200211
41,경기도 부천시,국민임대,부천상동3,636,51.49,122,19756000,272100,200211
41,경기도 성남시 분당구,국민임대,성남판교 백현 3단지 (A25-1BL),1722,51.95,75,49854000,338380,201405
41,경기도 성남시 분당구,국민임대,성남판교 백현 3단지 (A25-1BL),1722,51.78,315,49854000,338380,201405
41,경기도 성남시 분당구,국민임대,성남판교 백현 3단지 (A25-1BL),1722,46.95,150,43990000,304540,201405
41,경기도 성남시 분당구,국민임대,성남판교 백현 3단지 (A25-1BL),1722,46.81,296,43990000,304540,201405
41,경기도 성남시 분당구,국민임대,성남판교 백현 3단지 (A25-1BL),1722,46.73,98,43990000,304540,201405
41,경기도 성남시 분당구,국민임대,성남판교 백현 3단지 (A25-1BL),1722,39.72,219,29551000,203030,201405
41,경기도 성남시 분당구,국민임대,성남판교 백현 3단지 (A25-1BL),1722,39.62,569,29551000,203030,201405
41,경기도 성남시 분당구,국민임대,성남판교 백현 4단지 (A24-1BL),1974,51.84,48,50679000,343970,201309
41,경기도 성남시 분당구,국민임대,성남판교 백현 4단지 (A24-1BL),1974,51.64,60,50679000,343970,201309
41,경기도 성남시 분당구,국민임대,성남판교 백현 4단지 (A24-1BL),1974,51.6,491,50679000,343970,201309
41,경기도 성남시 분당구,국민임대,성남판교 백현 4단지 (A24-1BL),1974,46.86,516,44717000,309580,201309
41,경기도 성남시 분당구,국민임대,성남판교 백현 4단지 (A24-1BL),1974,46.81,68,44717000,309580,201309
41,경기도 성남시 분당구,국민임대,성남판교 백현 4단지 (A24-1BL),1974,46.51,72,44717000,309580,201309
41,경기도 성남시 분당구,국민임대,성남판교 백현 4단지 (A24-1BL),1974,39.82,471,30040000,206380,201309
41,경기도 성남시 분당구,국민임대,성남판교 백현 4단지 (A24-1BL),1974,39.73,248,30040000,206380,201309
41,경기도 성남시 분당구,국민임대,성남판교 봇들 6단지 (A18-2BL),1297,51.96,148,51188000,362870,201104
41,경기도 성남시 분당구,국민임대,성남판교 봇들 6단지 (A18-2BL),1297,51.9,156,51188000,362870,201104
41,경기도 성남시 분당구,국민임대,성남판교 봇들 6단지 (A18-2BL),1297,46.98,490,42776000,302800,201104
41,경기도 성남시 분당구,국민임대,성남판교 봇들 6단지 (A18-2BL),1297,46.85,78,42776000,302800,201104
41,경기도 성남시 분당구,국민임대,성남판교 봇들 6단지 (A18-2BL),1297,39.99,425,28598000,203050,201104
41,경기도 성남시 분당구,국민임대,성남판교 봇들마을5,775,51.96,91,47236000,307600,201802
41,경기도 성남시 분당구,국민임대,성남판교 봇들마을5,775,51.9,102,47236000,307600,201802
41,경기도 성남시 분당구,국민임대,성남판교 봇들마을5,775,46.98,285,38019000,258060,201802
41,경기도 성남시 분당구,국민임대,성남판교 봇들마을5,775,46.85,51,38019000,258060,201802
41,경기도 성남시 분당구,국민임대,성남판교 봇들마을5,775,39.99,246,24194000,183170,201802
41,경기도 성남시 수정구,국민임대,성남고등 A-1 국민임대주택리츠,480,44.15,194,42583000,242000,201908
41,경기도 성남시 수정구,국민임대,성남고등 A-1 국민임대주택리츠,480,26.52,286,15596000,142000,201908
41,경기도 성남시 수정구,국민임대,성남단대2,213,59.97,23,65199000,363350,201209
41,경기도 성남시 수정구,국민임대,성남단대2,213,59.85,34,65199000,363350,201209
41,경기도 성남시 수정구,국민임대,성남단대2,213,59.72,29,65199000,363350,201209
41,경기도 성남시 수정구,국민임대,성남단대2,213,39.78,127,36221000,204680,201209
41,경기도 성남시 수정구,국민임대,위례31,2334,46.99,660,52670000,265000,201707
41,경기도 성남시 수정구,국민임대,위례31,2334,37.6,96,33590000,203000,201707
41,경기도 성남시 수정구,국민임대,위례31,2334,37.43,564,33590000,203000,201707
41,경기도 성남시 수정구,국민임대,위례31,2334,26.83,120,17500000,141000,201707
41,경기도 성남시 수정구,국민임대,위례31,2334,26.73,894,17500000,141000,201707
41,경기도 성남시 수정구,국민임대,위례35단지,2018,46.77,515,50354000,279280,201606
41,경기도 성남시 수정구,국민임대,위례35단지,2018,46.49,199,50354000,279280,201606
41,경기도 성남시 수정구,국민임대,위례35단지,2018,36.96,564,23242000,218610,201606
41,경기도 성남시 수정구,국민임대,위례35단지,2018,29.92,502,18922000,170490,201606
41,경기도 성남시 수정구,국민임대,위례35단지,2018,26.85,238,16558000,153760,201606
41,경기도 성남시 중원구,국민임대,성남도촌1(국임),210,59.98,210,56822000,345870,201011
41,경기도 성남시 중원구,국민임대,성남도촌2(국임),534,51.96,74,43141000,283190,200802
41,경기도 성남시 중원구,국민임대,성남도촌2(국임),534,51.85,15,43141000,283190,200802
41,경기도 성남시 중원구,국민임대,성남도촌2(국임),534,46.97,190,33862000,250650,200802
41,경기도 성남시 중원구,국민임대,성남도촌2(국임),534,46.74,30,33862000,250650,200802
41,경기도 성남시 중원구,국민임대,성남도촌2(국임),534,36.97,225,19039000,157840,200802
41,경기도 성남시 중원구,국민임대,성남도촌4(국임),458,51.99,48,44348000,291110,200802
41,경기도 성남시 중원구,국민임대,성남도촌4(국임),458,46.97,164,34810000,257660,200802
41,경기도 성남시 중원구,국민임대,성남도촌4(국임),458,46.86,44,34810000,257660,200802
41,경기도 성남시 중원구,국민임대,성남도촌4(국임),458,36.98,202,19572000,162250,200802
41,경기도 성남시 중원구,국민임대,성남도촌8(국임),762,59.89,78,55433000,337410,200802
41,경기도 성남시 중원구,국민임대,성남도촌8(국임),762,51.96,101,43141000,283190,200802
41,경기도 성남시 중원구,국민임대,성남도촌8(국임),762,51.87,15,43141000,283190,200802
41,경기도 성남시 중원구,국민임대,성남도촌8(국임),762,46.97,200,33862000,250650,200802
41,경기도 성남시 중원구,국민임대,성남도촌8(국임),762,46.94,90,33862000,250650,200802
41,경기도 성남시 중원구,국민임대,성남도촌8(국임),762,36.97,278,19039000,157840,200802
41,경기도 성남시 중원구,국민임대,성남도촌9(국임),1005,59.93,82,56985000,346850,200802
41,경기도 성남시 중원구,국민임대,성남도촌9(국임),1005,51.99,230,44348000,291110,200802
41,경기도 성남시 중원구,국민임대,성남도촌9(국임),1005,46.95,344,34810000,257660,200802
41,경기도 성남시 중원구,국민임대,성남도촌9(국임),1005,36.98,349,19572000,162250,200802
41,경기도 성남시 중원구,국민임대,성남여수1,534,45.71,130,52237000,302930,201709
41,경기도 성남시 중원구,국민임대,성남여수1,534,37.64,156,35279000,239430,201709
41,경기도 성남시 중원구,국민임대,성남여수1,534,26.98,248,18488000,170720,201709
41,경기도 성남시 중원구,국민임대,"성남중동3(05,재개발) 2단지",127,59.15,32,63124000,367620,201207
41,경기도 성남시 중원구,국민임대,"성남중동3(05,재개발) 2단지",127,59.07,30,63124000,367620,201207
41,경기도 성남시 중원구,국민임대,"성남중동3(05,재개발) 2단지",127,39.31,65,36054000,198570,201207
41,경기도 수원시 권선구,국민임대,수원오목천(국임),1185,59.57,86,25164000,310110,200511
41,경기도 수원시 권선구,국민임대,수원오목천(국임),1185,51.88,204,21860000,269440,200511
41,경기도 수원시 권선구,국민임대,수원오목천(국임),1185,46.22,342,19318000,227490,200511
41,경기도 수원시 권선구,국민임대,수원오목천(국임),1185,45.88,28,19318000,227490,200511
41,경기도 수원시 권선구,국민임대,수원오목천(국임),1185,45.76,15,19318000,227490,200511
41,경기도 수원시 권선구,국민임대,수원오목천(국임),1185,36.63,510,15250000,172820,200511
41,경기도 수원시 권선구,국민임대,수원호매실16(국임),880,59.42,356,52129000,349870,201202
41,경기도 수원시 권선구,국민임대,수원호매실16(국임),880,46.66,316,33806000,211590,201202
41,경기도 수원시 권선구,국민임대,수원호매실16(국임),880,36.63,208,19030000,145370,201202
41,경기도 수원시 권선구,국민임대,"수원호매실22(국임,영구)",100,33.98,25,18064000,197840,201602
41,경기도 수원시 권선구,국민임대,"수원호매실22(국임,영구)",100,29.95,75,16666000,168810,201602
41,경기도 수원시 권선구,국민임대,수원호매실4(국임),980,51.98,112,38451000,263140,201107
41,경기도 수원시 권선구,국민임대,수원호매실4(국임),980,46.66,308,31242000,204260,201107
41,경기도 수원시 권선구,국민임대,수원호매실4(국임),980,36.63,504,18023000,144180,201107
41,경기도 수원시 권선구,국민임대,수원호매실4(국임),980,26.58,56,13216000,100920,201107
41,경기도 수원시 권선구,국민임대,수원호매실7(국임),980,59.42,216,50227000,342450,201110
41,경기도 수원시 권선구,국민임대,수원호매실7(국임),980,46.66,378,32443000,204260,201110
41,경기도 수원시 권선구,국민임대,수원호매실7(국임),980,36.63,320,18744000,144180,201110
41,경기도 수원시 권선구,국민임대,수원호매실7(국임),980,26.58,66,13216000,100920,201110
41,경기도 수원시 권선구,국민임대,수원호매실8(국임),1270,51.98,120,40613000,263140,201110
41,경기도 수원시 권선구,국민임대,수원호매실8(국임),1270,46.66,358,32443000,204260,201110
41,경기도 수원시 권선구,국민임대,수원호매실8(국임),1270,36.63,674,18744000,144180,201110
41,경기도 수원시 권선구,국민임대,수원호매실8(국임),1270,26.58,118,13216000,100920,201110
41,경기도 수원시 영통구,국민임대,수원광교20(국임),375,46.75,136,39906000,271530,201110
41,경기도 수원시 영통구,국민임대,수원광교20(국임),375,46.48,10,39906000,271530,201110
41,경기도 수원시 영통구,국민임대,수원광교20(국임),375,36.87,138,24294000,165990,201110
41,경기도 수원시 영통구,국민임대,수원광교20(국임),375,36.78,63,24294000,165990,201110
41,경기도 수원시 영통구,국민임대,수원광교20(국임),375,36.76,28,24294000,165990,201110
41,경기도 수원시 영통구,국민임대,수원광교32(국임),2289,51.94,367,55558000,348700,201111
41,경기도 수원시 영통구,국민임대,수원광교32(국임),2289,46.75,670,42909000,291970,201111
41,경기도 수원시 영통구,국민임대,수원광교32(국임),2289,36.87,756,26122000,178480,201111
41,경기도 수원시 영통구,국민임대,수원광교32(국임),2289,36.76,160,26122000,178480,201111
41,경기도 수원시 영통구,국민임대,수원광교32(국임),2289,26.95,336,18557000,126470,201111
41,경기도 수원시 영통구,국민임대,수원매탄6,710,46.22,40,22491000,177380,200112
41,경기도 수원시 영통구,국민임대,수원매탄6,710,45.88,440,22491000,177380,200112
41,경기도 수원시 영통구,국민임대,수원매탄6,710,36.38,174,17701000,104540,200112
41,경기도 수원시 영통구,국민임대,수원매탄6,710,36.02,56,17701000,104540,200112
41,경기도 수원시 장안구,국민임대,수원율전2(국임),389,51.88,309,23560000,280540,200509
41,경기도 수원시 장안구,국민임대,수원율전2(국임),389,51.67,80,23466000,279410,200509
41,경기도 수원시 장안구,국민임대,수원정자,341,49.89,40,19778000,199500,200108
41,경기도 수원시 장안구,국민임대,수원정자,341,49.33,301,19556000,198970,200108
41,경기도 시흥시,국민임대,시흥능곡13,556,51.93,98,27690000,230250,200811
41,경기도 시흥시,국민임대,시흥능곡13,556,46.9,147,22330000,185870,200811
41,경기도 시흥시,국민임대,시흥능곡13,556,39.72,194,15985000,133100,200811
41,경기도 시흥시,국민임대,시흥능곡13,556,39.48,117,15806000,131910,200811
41,경기도 시흥시,국민임대,시흥능곡2,323,51.93,108,27690000,230250,200905
41,경기도 시흥시,국민임대,시흥능곡2,323,46.9,66,22330000,185870,200905
41,경기도 시흥시,국민임대,시흥능곡2,323,39.72,119,15985000,133100,200905
41,경기도 시흥시,국민임대,시흥능곡2,323,39.48,30,15806000,131910,200905
41,경기도 시흥시,국민임대,시흥능곡5,506,46.9,57,22330000,185870,200812
41,경기도 시흥시,국민임대,시흥능곡5,506,39.72,112,15985000,133100,200812
41,경기도 시흥시,국민임대,시흥능곡5,506,39.48,57,15806000,131910,200812
41,경기도 시흥시,국민임대,시흥능곡5,506,36.65,280,13671000,113910,200812
41,경기도 시흥시,국민임대,시흥능곡6,438,51.93,148,27690000,230250,200904
41,경기도 시흥시,국민임대,시흥능곡6,438,46.9,141,22330000,185870,200904
41,경기도 시흥시,국민임대,시흥능곡6,438,39.72,50,15985000,133100,200904
41,경기도 시흥시,국민임대,시흥능곡6,438,39.48,99,15806000,131910,200904
41,경기도 시흥시,국민임대,시흥능곡7,539,46.9,78,22330000,185870,200901
41,경기도 시흥시,국민임대,시흥능곡7,539,39.72,115,15985000,133100,200901
41,경기도 시흥시,국민임대,시흥능곡7,539,39.48,78,15806000,131910,200901
41,경기도 시흥시,국민임대,시흥능곡7,539,36.65,268,13671000,113910,200901
41,경기도 시흥시,국민임대,시흥능곡9,591,46.9,156,22330000,185870,200904
41,경기도 시흥시,국민임대,시흥능곡9,591,39.72,102,15985000,133100,200904
41,경기도 시흥시,국민임대,시흥능곡9,591,39.48,69,15806000,131910,200904
41,경기도 시흥시,국민임대,시흥능곡9,591,36.65,264,13671000,113910,200904
41,경기도 시흥시,국민임대,시흥목감 A-1BL 7단지,234,46.88,64,38806000,263590,201812
41,경기도 시흥시,국민임대,시흥목감 A-1BL 7단지,234,46.82,18,38806000,263590,201812
41,경기도 시흥시,국민임대,시흥목감 A-1BL 7단지,234,36.6,152,17886000,200830,201812
41,경기도 시흥시,국민임대,시흥은계7(A2BL),847,46.13,114,37210000,259000,201904
41,경기도 시흥시,국민임대,시흥은계7(A2BL),847,37.01,313,23852000,202000,201904
41,경기도 시흥시,국민임대,시흥은계7(A2BL),847,26.02,420,12394000,143000,201904
41,경기도 시흥시,국민임대,시흥장현 A-11BL 국민임대,1292,46.2,296,39430000,250350,202010
41,경기도 시흥시,국민임대,시흥장현 A-11BL 국민임대,1292,37.45,608,25741000,193330,202010
41,경기도 시흥시,국민임대,시흥장현 A-11BL 국민임대,1292,26.79,358,13554000,139380,202010
41,경기도 시흥시,국민임대,시흥장현 A-11BL 국민임대,1292,26.68,30,13429000,138590,202010
41,경기도 시흥시,국민임대,시흥장현 A-5블록 국민임대,528,46.73,194,44229000,269010,202108
41,경기도 시흥시,국민임대,시흥장현 A-5블록 국민임대,528,37.58,232,27150000,206080,202108
41,경기도 시흥시,국민임대,시흥장현 A-5블록 국민임대,528,26.91,80,14188000,148270,202108
41,경기도 시흥시,국민임대,시흥장현 A-5블록 국민임대,528,26.9,22,14183000,148240,202108
41,경기도 시흥시,국민임대,시흥장현 A-6BL 국민·영구임대,708,46.67,336,40294000,270360,202210
41,경기도 시흥시,국민임대,시흥장현 A-6BL 국민·영구임대,708,37.84,148,26124000,207460,202210
41,경기도 시흥시,국민임대,시흥장현 A-6BL 국민·영구임대,708,29.76,148,15157000,159950,202210
41,경기도 시흥시,국민임대,시흥장현 A-6BL 국민·영구임대,708,29.08,76,15157000,159950,202210
41,경기도 안산시 단원구,국민임대,안산고잔16,759,46.49,20,20137000,143830,200111
41,경기도 안산시 단원구,국민임대,안산고잔16,759,45.88,280,20137000,143830,200111
41,경기도 안산시 단원구,국민임대,안산고잔16,759,36.74,100,15821000,100660,200111
41,경기도 안산시 단원구,국민임대,안산고잔16,759,36.38,78,15821000,100660,200111
41,경기도 안산시 단원구,국민임대,안산고잔16,759,36.35,94,15821000,100660,200111
41,경기도 안산시 단원구,국민임대,안산고잔16,759,36.34,49,15821000,100660,200111
41,경기도 안산시 단원구,국민임대,안산고잔16,759,36.25,98,15821000,100660,200111
41,경기도 안산시 단원구,국민임대,안산고잔16,759,36.02,40,15821000,100660,200111
41,경기도 안산시 단원구,국민임대,안산고잔17,796,46.49,120,20155000,143950,200111
41,경기도 안산시 단원구,국민임대,안산고잔17,796,45.88,218,20155000,143950,200111
41,경기도 안산시 단원구,국민임대,안산고잔17,796,36.74,30,15836000,100740,200111
41,경기도 안산시 단원구,국민임대,안산고잔17,796,36.38,98,15836000,100740,200111
41,경기도 안산시 단원구,국민임대,안산고잔17,796,36.35,113,15836000,100740,200111
41,경기도 안산시 단원구,국민임대,안산고잔17,796,36.34,59,15836000,100740,200111
41,경기도 안산시 단원구,국민임대,안산고잔17,796,36.25,118,15836000,100740,200111
41,경기도 안산시 단원구,국민임대,안산고잔17,796,36.02,40,15836000,100740,200111
41,경기도 안산시 단원구,국민임대,안산신길2(국임),882,51.91,138,41572000,262170,1
41,경기도 안산시 단원구,국민임대,안산신길2(국임),882,46.97,60,31958000,217210,1
41,경기도 안산시 단원구,국민임대,안산신길2(국임),882,46.85,72,31958000,217210,1
41,경기도 안산시 단원구,국민임대,안산신길2(국임),882,46.57,305,31958000,217210,1
41,경기도 안산시 단원구,국민임대,안산신길2(국임),882,36.91,307,17102000,142310,1
41,경기도 안산시 단원구,국민임대,안산신길5(국민),615,59.88,128,51658000,324540,101
41,경기도 안산시 단원구,국민임대,안산신길5(국민),615,46.59,82,31711000,215550,101
41,경기도 안산시 단원구,국민임대,안산신길5(국민),615,46.57,291,31711000,215550,101
41,경기도 안산시 단원구,국민임대,안산신길5(국민),615,36.91,114,16971000,141210,101
41,경기도 안산시 단원구,국민임대,안산신길7(국임),470,51.91,71,41572000,262170,1
41,경기도 안산시 단원구,국민임대,안산신길7(국임),470,46.59,81,31958000,217210,1
41,경기도 안산시 단원구,국민임대,안산신길7(국임),470,46.57,206,31958000,217210,1
41,경기도 안산시 단원구,국민임대,안산신길7(국임),470,36.91,112,17102000,142310,1
41,경기도 안산시 단원구,국민임대,안산신길9(국민),477,51.91,114,40129000,253060,1
41,경기도 안산시 단원구,국민임대,안산신길9(국민),477,46.97,30,30848000,209680,1
41,경기도 안산시 단원구,국민임대,안산신길9(국민),477,46.85,60,30848000,209680,1
41,경기도 안산시 단원구,국민임대,안산신길9(국민),477,46.57,86,30848000,209680,1
41,경기도 안산시 단원구,국민임대,안산신길9(국민),477,36.91,187,16509000,137370,1
41,경기도 안산시 상록구,국민임대,안산팔곡(국임),496,46.22,206,16071000,185450,1
41,경기도 안산시 상록구,국민임대,안산팔곡(국임),496,36.63,290,12363000,148350,1
41,경기도 안성시,국민임대,안성금화,287,41.58,287,11400000,94640,202204
41,경기도 안성시,국민임대,안성아양 A-1블록 국민임대,540,46.99,148,27280000,230000,202107
41,경기도 안성시,국민임대,안성아양 A-1블록 국민임대,540,33.8,182,11430000,149000,202107
41,경기도 안성시,국민임대,안성아양 A-1블록 국민임대,540,26.92,192,9110000,122000,202107
41,경기도 안성시,국민임대,안성아양 A-1블록 국민임대,540,26.91,18,9110000,122000,202107
41,경기도 안성시,국민임대,안성아양 A2-2블록 국민임대,447,46.52,137,27066000,240360,202204
41,경기도 안성시,국민임대,안성아양 A2-2블록 국민임대,447,37.86,174,17214000,181670,202204
41,경기도 안성시,국민임대,안성아양 A2-2블록 국민임대,447,29.63,136,10128000,142680,202204
41,경기도 안성시,국민임대,안성지에프,3,59.4514,2,17461000,145500,202112
41,경기도 안성시,국민임대,안성지에프,3,35.5956,1,6906000,57550,202112
41,경기도 안양시 동안구,국민임대,"안양관양(05,국민1) 1단지",1017,55.88,136,54494000,371160,201112
41,경기도 안양시 동안구,국민임대,"안양관양(05,국민1) 1단지",1017,46.93,350,45747000,312060,201112
41,경기도 안양시 동안구,국민임대,"안양관양(05,국민1) 1단지",1017,36.8,339,28369000,192670,201112
41,경기도 안양시 동안구,국민임대,"안양관양(05,국민1) 1단지",1017,26.9,192,20330000,138280,201112
41,경기도 안양시 동안구,국민임대,"안양관양(05,국민1) 2단지",970,55.88,136,58132000,395560,201212
41,경기도 안양시 동안구,국민임대,"안양관양(05,국민1) 2단지",970,46.93,326,48844000,332510,201212
41,경기도 안양시 동안구,국민임대,"안양관양(05,국민1) 2단지",970,36.8,332,30269000,205230,201212
41,경기도 안양시 동안구,국민임대,"안양관양(05,국민1) 2단지",970,26.9,176,20638000,141020,201212
41,경기도 양주시,국민임대,양주가납1,390,46.71,115,13599000,76640,200604
41,경기도 양주시,국민임대,양주가납1,390,39.84,207,11126000,69210,200604
41,경기도 양주시,국민임대,양주가납1,390,39.51,68,11126000,67970,200604
41,경기도 양주시,국민임대,양주고읍4,330,51.93,207,26390000,180750,201004
41,경기도 양주시,국민임대,양주고읍4,330,46.9,123,21570000,147000,201004
41,경기도 양주시,국민임대,양주고읍5,531,51.93,306,26390000,180750,201005
41,경기도 양주시,국민임대,양주고읍5,531,46.9,225,21570000,147000,201005
41,경기도 양주시,국민임대,양주고읍6,503,49.7,294,23738000,162680,201004
41,경기도 양주시,국민임대,양주고읍6,503,39.72,209,15784000,108440,201004
41,경기도 양주시,국민임대,양주고읍7,773,49.7,220,23738000,162680,201005
41,경기도 양주시,국민임대,양주고읍7,773,46.9,205,21570000,147000,201005
41,경기도 양주시,국민임대,양주고읍7,773,39.72,348,15784000,108440,201005
41,경기도 양주시,국민임대,양주고읍8,1124,49.7,580,23738000,162680,201005
41,경기도 양주시,국민임대,양주고읍8,1124,46.9,280,21570000,147000,201005
41,경기도 양주시,국민임대,양주고읍8,1124,46.75,10,21570000,145800,201005
41,경기도 양주시,국민임대,양주고읍8,1124,39.72,254,15784000,108440,201005
41,경기도 양주시,국민임대,양주덕정6,977,46.81,421,16909000,117060,200703
41,경기도 양주시,국민임대,양주덕정6,977,39.48,176,11152000,93590,200703
41,경기도 양주시,국민임대,양주덕정6,977,36.72,380,7794000,86820,200703
41,경기도 양주시,국민임대,양주덕정8,550,59.58,330,26384000,144580,200611
41,경기도 양주시,국민임대,양주덕정8,550,51.86,220,22786000,127310,200611
41,경기도 양주시,국민임대,양주백석1,324,46.9,120,19280000,132540,201005
41,경기도 양주시,국민임대,양주백석1,324,36.65,204,10964000,91560,201005
41,경기도 양주시,국민임대,양주세아(임대),1,49.89,1,19641000,134950,200805
41,경기도 양주시,국민임대,양주옥정16,1384,43.9,304,31978000,231000,201706
41,경기도 양주시,국민임대,양주옥정16,1384,33.97,600,15363000,171000,201706
41,경기도 양주시,국민임대,양주옥정16,1384,26.97,480,12263000,143000,201706
41,경기도 양주시,국민임대,양주옥정7,1256,59.94,112,38440000,319600,201412
41,경기도 양주시,국민임대,양주옥정7,1256,51.7,202,30752000,263590,201412
41,경기도 양주시,국민임대,양주옥정7,1256,46.96,240,25260000,241620,201412
41,경기도 양주시,국민임대,양주옥정7,1256,46.94,178,25260000,241620,201412
41,경기도 양주시,국민임대,양주옥정7,1256,36.98,422,13728000,190000,201412
41,경기도 양주시,국민임대,양주옥정7,1256,36.9,36,13728000,190000,201412
41,경기도 양주시,국민임대,양주옥정7,1256,29.95,66,11641000,152660,201412
41,경기도 양주시,국민임대,양주회천 A-14BL 국민임대,957,46.21,270,38119000,270170,202302
41,경기도 양주시,국민임대,양주회천 A-14BL 국민임대,957,37.58,326,24819000,208110,202302
41,경기도 양주시,국민임대,양주회천 A-14BL 국민임대,957,29.73,361,14298000,158620,202302
41,경기도 연천군,국민임대,연천전곡1,428,51.53,264,15949000,133100,200910
41,경기도 연천군,국민임대,연천전곡1,428,46.96,34,12951000,109110,200910
41,경기도 연천군,국민임대,연천전곡1,428,46.9,96,12951000,109110,200910
41,경기도 연천군,국민임대,연천전곡1,428,46.6,34,12951000,109110,200910
41,경기도 오산시,국민임대,오산누읍1,1179,59.78,206,36544000,265100,202305
41,경기도 오산시,국민임대,오산누읍1,1179,51.72,168,28988000,210580,202305
41,경기도 오산시,국민임대,오산누읍1,1179,46.9,453,23288000,168450,202305
41,경기도 오산시,국민임대,오산누읍1,1179,36.72,352,14368000,102800,202305
41,경기도 오산시,국민임대,오산세교10,1167,59.84,60,47317000,323340,202205
41,경기도 오산시,국민임대,오산세교10,1167,51.99,221,37203000,253430,202205
41,경기도 오산시,국민임대,오산세교10,1167,46.99,564,29587000,200970,202205
41,경기도 오산시,국민임대,오산세교10,1167,41.98,204,23595000,161040,202205
41,경기도 오산시,국민임대,오산세교10,1167,36.85,118,17977000,121070,202205
41,경기도 오산시,국민임대,오산세교16,822,59.95,76,42298000,385750,202205
41,경기도 오산시,국민임대,오산세교16,822,51.91,186,36545000,340630,202205
41,경기도 오산시,국민임대,오산세교16,822,41.64,370,25604000,221070,202205
41,경기도 오산시,국민임대,오산세교16,822,36.42,190,14775000,205280,202205
41,경기도 오산시,국민임대,오산세교2 A-15블록 국민임대주택,694,46.01,226,30072000,244510,202203
41,경기도 오산시,국민임대,오산세교2 A-15블록 국민임대주택,694,37.79,105,19709000,209160,202203
41,경기도 오산시,국민임대,오산세교2 A-15블록 국민임대주택,694,37.19,126,19377000,207490,202203
41,경기도 오산시,국민임대,오산세교2 A-15블록 국민임대주택,694,29.94,31,12056000,154570,202203
41,경기도 오산시,국민임대,오산세교2 A-15블록 국민임대주택,694,26.41,167,10346000,138010,202203
41,경기도 오산시,국민임대,오산세교2 A-15블록 국민임대주택,694,26.04,39,10183000,136060,202203
41,경기도 오산시,국민임대,오산세교3,1262,59.84,54,46950000,320830,202205
41,경기도 오산시,국민임대,오산세교3,1262,51.99,249,36916000,251460,202205
41,경기도 오산시,국민임대,오산세교3,1262,46.99,565,29358000,199430,202205
41,경기도 오산시,국민임대,오산세교3,1262,41.98,202,23412000,159790,202205
41,경기도 오산시,국민임대,오산세교3,1262,36.85,192,17837000,120130,202205
41,경기도 오산시,국민임대,오산세교4,1071,59.84,56,46950000,320830,202305
41,경기도 오산시,국민임대,오산세교4,1071,51.99,220,36916000,251460,202305
41,경기도 오산시,국민임대,오산세교4,1071,46.99,525,29358000,199430,202305
41,경기도 오산시,국민임대,오산세교4,1071,41.98,167,23412000,159790,202305
41,경기도 오산시,국민임대,오산세교4,1071,36.85,103,17837000,120130,202305
41,경기도 오산시,국민임대,오산세교7,736,59.9,66,46950000,320830,200910
41,경기도 오산시,국민임대,오산세교7,736,51.91,116,36916000,251460,200910
41,경기도 오산시,국민임대,오산세교7,736,51.81,40,36916000,251460,200910
41,경기도 오산시,국민임대,오산세교7,736,41.78,87,23412000,159790,200910
41,경기도 오산시,국민임대,오산세교7,736,41.64,231,23412000,159790,200910
41,경기도 오산시,국민임대,오산세교7,736,36.42,196,17837000,120130,200910
41,경기도 오산시,국민임대,오산세교8,836,59.84,52,47317000,323340,202305
41,경기도 오산시,국민임대,오산세교8,836,51.99,127,37203000,253430,202305
41,경기도 오산시,국민임대,오산세교8,836,46.99,441,29587000,200970,202305
41,경기도 오산시,국민임대,오산세교8,836,41.98,125,23595000,161040,202305
41,경기도 오산시,국민임대,오산세교8,836,36.85,91,17977000,121070,202305
41,경기도 오산시,국민임대,오산청호1,1275,51.93,243,29318000,209070,202305
41,경기도 오산시,국민임대,오산청호1,1275,46.9,816,23550000,168210,202305
41,경기도 오산시,국민임대,오산청호1,1275,39.46,216,16581000,117740,202305
41,경기도 용인시 기흥구,국민임대,용인구갈8,1176,45.92,464,16687000,204240,
41,경기도 용인시 기흥구,국민임대,용인구갈8,1176,36.7,712,13258000,158000,
41,경기도 용인시 기흥구,국민임대,용인구성1,618,51.93,86,31157000,272630,200807
41,경기도 용인시 기흥구,국민임대,용인구성1,618,46.9,176,24665000,221980,200807
41,경기도 용인시 기흥구,국민임대,용인구성1,618,46.79,90,24665000,221980,200807
41,경기도 용인시 기흥구,국민임대,용인구성1,618,39.63,86,18175000,153180,200807
41,경기도 용인시 기흥구,국민임대,용인구성1,618,39.54,90,18175000,153180,200807
41,경기도 용인시 기흥구,국민임대,용인구성1,618,39.46,90,18175000,153180,200807
41,경기도 용인시 기흥구,국민임대,용인구성2,389,46.9,389,24665000,221980,199909
41,경기도 용인시 기흥구,국민임대,용인구성5,712,59.88,142,41543000,345330,
41,경기도 용인시 기흥구,국민임대,용인구성5,712,46.9,318,24665000,221980,
41,경기도 용인시 기흥구,국민임대,용인구성5,712,39.72,123,18175000,153180,
41,경기도 용인시 기흥구,국민임대,용인구성5,712,39.59,129,18175000,153180,
41,경기도 용인시 기흥구,국민임대,용인구성9,948,59.88,114,41543000,345330,199909
41,경기도 용인시 기흥구,국민임대,용인구성9,948,51.93,336,31157000,272630,199909
41,경기도 용인시 기흥구,국민임대,용인구성9,948,46.9,216,24665000,221980,199909
41,경기도 용인시 기흥구,국민임대,용인구성9,948,39.72,78,18175000,153180,199909
41,경기도 용인시 기흥구,국민임대,용인구성9,948,39.59,204,18175000,153180,199909
41,경기도 용인시 기흥구,국민임대,용인동백 백현7,561,51.86,252,22241000,250370,199909
41,경기도 용인시 기흥구,국민임대,용인동백 백현7,561,46.96,156,19953000,193180,199909
41,경기도 용인시 기흥구,국민임대,용인동백 백현7,561,39.48,153,16649000,163940,199909
41,경기도 용인시 기흥구,국민임대,용인동백 백현9,981,59.57,248,25544000,287220,199909
41,경기도 용인시 기흥구,국민임대,용인동백 백현9,981,51.86,376,22241000,250370,199909
41,경기도 용인시 기흥구,국민임대,용인동백 백현9,981,46.96,180,19953000,193180,199909
41,경기도 용인시 기흥구,국민임대,용인동백 백현9,981,39.48,177,16649000,163940,199909
41,경기도 용인시 기흥구,국민임대,용인동백 초당3,816,51.86,263,23512000,261820,199909
41,경기도 용인시 기흥구,국민임대,용인동백 초당3,816,46.96,274,20971000,202070,199909
41,경기도 용인시 기흥구,국민임대,용인동백 초당3,816,39.48,279,17792000,169020,199909
41,경기도 용인시 기흥구,국민임대,용인동백 호수3,898,59.57,120,27263000,306370,199909
41,경기도 용인시 기흥구,국민임대,용인동백 호수3,898,51.86,302,24017000,267420,199909
41,경기도 용인시 기흥구,국민임대,용인동백 호수3,898,46.96,234,21420000,206410,199909
41,경기도 용인시 기흥구,국민임대,용인동백 호수3,898,39.48,242,18175000,172660,199909
41,경기도 용인시 기흥구,국민임대,용인보라4,581,46.83,343,17395000,201730,
41,경기도 용인시 기흥구,국민임대,용인보라4,581,36.91,238,12461000,149530,
41,경기도 용인시 기흥구,국민임대,용인보라7,851,59.99,58,25343000,291500,199909
41,경기도 용인시 기흥구,국민임대,용인보라7,851,59.88,29,25343000,291500,199909
41,경기도 용인시 기흥구,국민임대,용인보라7,851,51.9,192,21971000,244060,199909
41,경기도 용인시 기흥구,국민임대,용인보라7,851,46.83,147,15729000,188260,199909
41,경기도 용인시 기흥구,국민임대,용인보라7,851,46.82,200,15729000,188260,199909
41,경기도 용인시 기흥구,국민임대,용인보라7,851,36.92,225,11234000,140690,199909
41,경기도 용인시 기흥구,국민임대,용인서천2,663,51.93,119,46862000,319610,199909
41,경기도 용인시 기흥구,국민임대,용인서천2,663,46.9,389,37008000,253520,199909
41,경기도 용인시 기흥구,국민임대,용인서천2,663,39.46,155,26435000,180230,199909
41,경기도 용인시 기흥구,국민임대,용인서천3,980,51.93,142,46862000,319610,199909
41,경기도 용인시 기흥구,국민임대,용인서천3,980,46.9,411,37008000,253520,199909
41,경기도 용인시 기흥구,국민임대,용인서천3,980,39.46,237,26435000,180230,199909
41,경기도 용인시 기흥구,국민임대,용인서천3,980,36.65,190,22468000,153790,199909
41,경기도 용인시 기흥구,국민임대,용인신갈3,693,45.53,238,20333000,205880,
41,경기도 용인시 기흥구,국민임대,용인신갈3,693,36.78,108,15250000,165200,
41,경기도 용인시 기흥구,국민임대,용인신갈3,693,36.57,347,15250000,165200,
41,경기도 용인시 기흥구,국민임대,용인흥덕1,742,51.93,220,43819000,275900,201512
41,경기도 용인시 기흥구,국민임대,용인흥덕1,742,46.9,387,34082000,232200,201512
41,경기도 용인시 기흥구,국민임대,용인흥덕1,742,36.65,135,18476000,154790,201512
41,경기도 용인시 기흥구,국민임대,용인흥덕2,512,51.93,90,43819000,275900,199909
41,경기도 용인시 기흥구,국민임대,용인흥덕2,512,47.4,30,34082000,232200,199909
41,경기도 용인시 기흥구,국민임대,용인흥덕2,512,46.9,262,34082000,232200,199909
41,경기도 용인시 기흥구,국민임대,용인흥덕2,512,36.65,130,18476000,154790,199909
41,경기도 용인시 기흥구,국민임대,용인흥덕3,866,51.93,164,43819000,275900,199909
41,경기도 용인시 기흥구,국민임대,용인흥덕3,866,46.9,464,34082000,232200,199909
41,경기도 용인시 기흥구,국민임대,용인흥덕3,866,36.65,238,18476000,154790,199909
41,경기도 용인시 기흥구,국민임대,용인흥덕4,383,51.93,120,43819000,275900,199909
41,경기도 용인시 기흥구,국민임대,용인흥덕4,383,46.9,130,34082000,232200,199909
41,경기도 용인시 기흥구,국민임대,용인흥덕4,383,36.65,133,18476000,154790,199909
41,경기도 용인시 수지구,국민임대,수원광교 41단지,1117,51.94,148,55558000,348700,201112
41,경기도 용인시 수지구,국민임대,수원광교 41단지,1117,46.95,73,42909000,291970,201112
41,경기도 용인시 수지구,국민임대,수원광교 41단지,1117,46.75,144,42909000,291970,201112
41,경기도 용인시 수지구,국민임대,수원광교 41단지,1117,46.48,122,42909000,291970,201112
41,경기도 용인시 수지구,국민임대,수원광교 41단지,1117,36.87,276,26122000,178480,201112
41,경기도 용인시 수지구,국민임대,수원광교 41단지,1117,36.78,168,26122000,178480,201112
41,경기도 용인시 수지구,국민임대,수원광교 41단지,1117,26.95,186,18557000,126470,201112
41,경기도 용인시 수지구,국민임대,용인죽전2,136,39.42,136,19221000,175780,201309
41,경기도 용인시 수지구,국민임대,용인죽전3,388,51.95,36,25293000,255690,199909
41,경기도 용인시 수지구,국민임대,용인죽전3,388,51.86,352,25293000,255690,199909
41,경기도 용인시 수지구,국민임대,용인죽전5,225,46.18,112,22241000,209710,199909
41,경기도 용인시 수지구,국민임대,용인죽전5,225,39.51,113,19318000,176650,199909
41,경기도 용인시 수지구,국민임대,용인죽전8,643,59.99,236,29086000,293490,199909
41,경기도 용인시 수지구,국민임대,용인죽전8,643,46.47,230,23394000,217960,199909
41,경기도 용인시 수지구,국민임대,용인죽전8,643,39.64,177,20233000,182630,199909
41,경기도 용인시 처인구,국민임대,용인마평,644,36.7,241,17231000,156410,
41,경기도 용인시 처인구,국민임대,용인마평,644,36.42,121,17099000,155210,
41,경기도 의왕시,국민임대,의왕내손,822,59.64,80,22229000,301890,200307
41,경기도 의왕시,국민임대,의왕내손,822,51.72,448,19278000,257770,200307
41,경기도 의왕시,국민임대,의왕내손,822,51.49,294,19194000,256500,200307
41,경기도 의왕시,국민임대,의왕부곡(국임),467,53.26,14,29086000,261760,1
41,경기도 의왕시,국민임대,의왕부곡(국임),467,51.92,293,29086000,249130,1
41,경기도 의왕시,국민임대,의왕부곡(국임),467,36.72,160,20233000,158060,1
41,경기도 의왕시,국민임대,의왕청계3(국임),506,59.94,59,55767000,342990,
41,경기도 의왕시,국민임대,의왕청계3(국임),506,51.97,128,40055000,273440,
41,경기도 의왕시,국민임대,의왕청계3(국임),506,46.96,164,30581000,231450,
41,경기도 의왕시,국민임대,의왕청계3(국임),506,36.93,95,17269000,143910,
41,경기도 의왕시,국민임대,의왕청계3(국임),506,36.91,60,17269000,143910,
41,경기도 의왕시,국민임대,의왕청계5(국임),244,46.96,114,30581000,231450,200707
41,경기도 의왕시,국민임대,의왕청계5(국임),244,46.91,8,30581000,231450,200707
41,경기도 의왕시,국민임대,의왕청계5(국임),244,36.93,81,17269000,143910,200707
41,경기도 의왕시,국민임대,의왕청계5(국임),244,36.91,41,17269000,143910,200707
41,경기도 의왕시,국민임대,의왕청계6(국임),243,59.94,56,55767000,342990,200707
41,경기도 의왕시,국민임대,의왕청계6(국임),243,51.97,139,40055000,273440,200707
41,경기도 의왕시,국민임대,의왕청계6(국임),243,51.9,24,40055000,273440,200707
41,경기도 의왕시,국민임대,의왕청계6(국임),243,51.86,24,40055000,273440,200707
41,경기도 의왕시,국민임대,"의왕포일2(05,국민2) 1단지",659,55.7,112,52149000,356870,1
41,경기도 의왕시,국민임대,"의왕포일2(05,국민2) 1단지",659,46.94,90,44098000,300400,1
41,경기도 의왕시,국민임대,"의왕포일2(05,국민2) 1단지",659,46.83,56,44098000,300400,1
41,경기도 의왕시,국민임대,"의왕포일2(05,국민2) 1단지",659,46.73,45,44098000,300400,1
41,경기도 의왕시,국민임대,"의왕포일2(05,국민2) 1단지",659,36.93,238,27756000,189840,1
41,경기도 의왕시,국민임대,"의왕포일2(05,국민2) 1단지",659,26.91,118,19945000,135770,1
41,경기도 의왕시,국민임대,"의왕포일2(05,국민2) 2단지",840,55.74,56,50220000,379510,1
41,경기도 의왕시,국민임대,"의왕포일2(05,국민2) 2단지",840,55.7,56,50220000,379510,1
41,경기도 의왕시,국민임대,"의왕포일2(05,국민2) 2단지",840,46.94,60,41505000,326760,1
41,경기도 의왕시,국민임대,"의왕포일2(05,국민2) 2단지",840,46.83,153,41505000,326760,1
41,경기도 의왕시,국민임대,"의왕포일2(05,국민2) 2단지",840,46.73,59,41505000,326760,1
41,경기도 의왕시,국민임대,"의왕포일2(05,국민2) 2단지",840,36.93,292,19147000,263710,1
41,경기도 의왕시,국민임대,"의왕포일2(05,국민2) 2단지",840,36.76,23,19147000,263710,1
41,경기도 의왕시,국민임대,"의왕포일2(05,국민2) 2단지",840,26.91,141,13986000,185730,1
41,경기도 의정부시,국민임대,의정부고산 S2-2BL 임대주택(정음마을고산2단지),329,46.8,74,34200000,258000,202007
41,경기도 의정부시,국민임대,의정부고산 S2-2BL 임대주택(정음마을고산2단지),329,37.47,9,21730000,196000,202007
41,경기도 의정부시,국민임대,의정부고산 S2-2BL 임대주택(정음마을고산2단지),329,37.28,144,21730000,196000,202007
41,경기도 의정부시,국민임대,의정부고산 S2-2BL 임대주택(정음마을고산2단지),329,29.97,18,12730000,152000,202007
41,경기도 의정부시,국민임대,의정부고산 S2-2BL 임대주택(정음마을고산2단지),329,29.91,84,12730000,152000,202007
41,경기도 의정부시,국민임대,의정부금오2 2블럭,463,46.24,158,23095000,244430,200508
41,경기도 의정부시,국민임대,의정부금오2 2블럭,463,36.63,305,15729000,199230,200508
41,경기도 의정부시,국민임대,의정부금오9,1450,49.89,78,18761000,130210,200211
41,경기도 의정부시,국민임대,의정부금오9,1450,49.81,1060,18761000,130210,200211
41,경기도 의정부시,국민임대,의정부금오9,1450,39.94,222,15009000,84060,200211
41,경기도 의정부시,국민임대,의정부금오9,1450,39.64,90,15009000,84060,200211
41,경기도 의정부시,국민임대,의정부녹양 A1블럭(의정부녹양1),858,46.93,331,30126000,250090,200805
41,경기도 의정부시,국민임대,의정부녹양 A1블럭(의정부녹양1),858,36.78,60,15062000,188670,200805
41,경기도 의정부시,국민임대,의정부녹양 A1블럭(의정부녹양1),858,36.74,30,15062000,188330,200805
41,경기도 의정부시,국민임대,의정부녹양 A1블럭(의정부녹양1),858,36.68,437,15062000,187840,200805
41,경기도 의정부시,국민임대,의정부녹양 A2블럭(의정부녹양2),315,46.93,123,32454000,269430,200805
41,경기도 의정부시,국민임대,의정부녹양 A2블럭(의정부녹양2),315,36.78,42,16225000,203260,200805
41,경기도 의정부시,국민임대,의정부녹양 A2블럭(의정부녹양2),315,36.74,15,16225000,202870,200805
41,경기도 의정부시,국민임대,의정부녹양 A2블럭(의정부녹양2),315,36.68,135,16225000,202360,200805
41,경기도 의정부시,국민임대,의정부민락2 A-2블럭(의정부민락3),913,51.74,72,34397000,286640,201311
41,경기도 의정부시,국민임대,의정부민락2 A-2블럭(의정부민락3),913,46.94,142,28892000,240780,201311
41,경기도 의정부시,국민임대,의정부민락2 A-2블럭(의정부민락3),913,46.86,228,28892000,240780,201311
41,경기도 의정부시,국민임대,의정부민락2 A-2블럭(의정부민락3),913,36.9,412,16739000,170830,201311
41,경기도 의정부시,국민임대,의정부민락2 A-2블럭(의정부민락3),913,36.64,59,16739000,170830,201311
41,경기도 의정부시,국민임대,의정부민락2 A-4블럭(의정부민락16),625,51.58,86,33002000,276980,201212
41,경기도 의정부시,국민임대,의정부민락2 A-4블럭(의정부민락16),625,46.91,183,27109000,235740,201212
41,경기도 의정부시,국민임대,의정부민락2 A-4블럭(의정부민락16),625,36.89,356,15911000,168540,201212
41,경기도 의정부시,국민임대,의정부민락2 A-5블럭(의정부민락8),1161,51.74,351,33002000,276980,201212
41,경기도 의정부시,국민임대,의정부민락2 A-5블럭(의정부민락8),1161,46.97,118,27109000,235740,201212
41,경기도 의정부시,국민임대,의정부민락2 A-5블럭(의정부민락8),1161,46.85,120,27109000,235740,201212
41,경기도 의정부시,국민임대,의정부민락2 A-5블럭(의정부민락8),1161,46.75,60,27109000,235740,201212
41,경기도 의정부시,국민임대,의정부민락2 A-5블럭(의정부민락8),1161,36.97,198,15911000,168540,201212
41,경기도 의정부시,국민임대,의정부민락2 A-5블럭(의정부민락8),1161,32.16,157,14143000,141430,201212
41,경기도 의정부시,국민임대,의정부민락2 A-5블럭(의정부민락8),1161,26.16,157,11432000,110780,201212
41,경기도 의정부시,국민임대,의정부민락2 A3BL(의정부민락13),996,46.85,294,37635000,268820,201607
41,경기도 의정부시,국민임대,의정부민락2 A3BL(의정부민락13),996,46.7,90,37635000,268820,201607
41,경기도 의정부시,국민임대,의정부민락2 A3BL(의정부민락13),996,36.74,220,17204000,208600,201607
41,경기도 의정부시,국민임대,의정부민락2 A3BL(의정부민락13),996,36.65,90,17204000,208600,201607
41,경기도 의정부시,국민임대,의정부민락2 A3BL(의정부민락13),996,29.65,302,14300000,161290,201607
41,경기도 의정부시,국민임대,의정부신곡3 3블럭,322,46.51,148,20986000,223170,200509
41,경기도 의정부시,국민임대,의정부신곡3 3블럭,322,36.63,174,15110000,189950,200509
41,경기도 이천시,국민임대,이천갈산,525,46.22,255,17600000,155990,
41,경기도 이천시,국민임대,이천갈산,525,36.63,270,13952000,111230,
41,경기도 이천시,국민임대,이천갈산3,445,51.93,205,30969000,211820,201508
41,경기도 이천시,국민임대,이천갈산3,445,46.9,240,25023000,170940,201508
41,경기도 이천시,국민임대,이천부발,784,59.94,334,33707000,222210,199909
41,경기도 이천시,국민임대,이천부발,784,49.54,56,24969000,163530,199909
41,경기도 이천시,국민임대,이천부발,784,29.53,310,9985000,88620,199909
41,경기도 이천시,국민임대,이천부발,784,23.65,84,8738000,64890,199909
41,경기도 이천시,국민임대,"이천이화(2단지,부도)",2,59.94,1,20803000,173350,199611
41,경기도 이천시,국민임대,"이천이화(2단지,부도)",2,49.545,1,16175000,134770,199611
41,경기도 파주시,국민임대,문산당동3,775,51.93,202,24825000,208440,200910
41,경기도 파주시,국민임대,문산당동3,775,46.9,337,20147000,168660,200910
41,경기도 파주시,국민임대,문산당동3,775,36.65,236,13430000,113520,200910
41,경기도 파주시,국민임대,문산당동4,299,51.6,56,32772000,224230,201206
41,경기도 파주시,국민임대,문산당동4,299,46.46,129,25872000,178220,201206
41,경기도 파주시,국민임대,문산당동4,299,36.74,114,13798000,132230,201206
41,경기도 파주시,국민임대,문산선유2,917,59.88,592,29551000,246380,
41,경기도 파주시,국민임대,문산선유2,917,51.93,265,23994000,201510,
41,경기도 파주시,국민임대,문산선유2,917,51.91,60,23994000,201360,
41,경기도 파주시,국민임대,문산선유3,1316,59.89,168,30242000,270100,201012
41,경기도 파주시,국민임대,문산선유3,1316,51.93,383,25394000,212380,201012
41,경기도 파주시,국민임대,문산선유3,1316,46.97,75,21354000,167370,201012
41,경기도 파주시,국민임대,문산선유3,1316,46.91,45,21354000,167370,201012
41,경기도 파주시,국민임대,문산선유3,1316,46.9,315,21354000,167370,201012
41,경기도 파주시,국민임대,문산선유3,1316,46.63,150,21354000,167370,201012
41,경기도 파주시,국민임대,문산선유3,1316,39.63,180,17314000,101560,201012
41,경기도 파주시,국민임대,문산선유5,650,51.93,96,25394000,212380,201105
41,경기도 파주시,국민임대,문산선유5,650,46.9,52,21354000,167370,201105
41,경기도 파주시,국민임대,문산선유5,650,46.82,26,21354000,167370,201105
41,경기도 파주시,국민임대,문산선유5,650,46.61,58,21354000,167370,201105
41,경기도 파주시,국민임대,문산선유5,650,39.57,360,17314000,101560,201105
41,경기도 파주시,국민임대,문산선유5,650,39.47,58,17314000,101560,201105
41,경기도 파주시,국민임대,파주교하1(노을빛),469,46.79,24,19195000,168510,
41,경기도 파주시,국민임대,파주교하1(노을빛),469,46.73,271,19195000,168060,
41,경기도 파주시,국민임대,파주교하1(노을빛),469,39.42,174,17427000,131450,
41,경기도 파주시,국민임대,파주교하2(노을빛),1119,59.42,144,24232000,293900,200512
41,경기도 파주시,국민임대,파주교하2(노을빛),1119,51.57,240,21018000,229860,200512
41,경기도 파주시,국민임대,파주교하2(노을빛),1119,46.79,48,18792000,164960,200512
41,경기도 파주시,국민임대,파주교하2(노을빛),1119,46.73,432,18792000,164530,200512
41,경기도 파주시,국민임대,파주교하2(노을빛),1119,39.42,255,17060000,128680,200512
41,경기도 파주시,국민임대,파주금촌3(새꽃),1167,46.51,507,15867000,205780,200411
41,경기도 파주시,국민임대,파주금촌3(새꽃),1167,36.63,660,12496000,160100,200411
41,경기도 파주시,국민임대,파주운정11휴먼시아,1165,59.64,124,40323000,268430,
41,경기도 파주시,국민임대,파주운정11휴먼시아,1165,51.96,120,31682000,224650,
41,경기도 파주시,국민임대,파주운정11휴먼시아,1165,45.89,204,25345000,167610,
41,경기도 파주시,국민임대,파주운정11휴먼시아,1165,45.87,90,25345000,167610,
41,경기도 파주시,국민임대,파주운정11휴먼시아,1165,45.79,194,25345000,167610,
41,경기도 파주시,국민임대,파주운정11휴먼시아,1165,39.58,272,19585000,119810,
41,경기도 파주시,국민임대,파주운정11휴먼시아,1165,39.56,80,19585000,119810,
41,경기도 파주시,국민임대,파주운정11휴먼시아,1165,39.55,81,19585000,119810,
41,경기도 파주시,국민임대,파주운정2,1231,59.64,126,41975000,279420,200909
41,경기도 파주시,국민임대,파주운정2,1231,51.96,120,32980000,233850,200909
41,경기도 파주시,국민임대,파주운정2,1231,45.89,184,26384000,174480,200909
41,경기도 파주시,국민임대,파주운정2,1231,45.87,341,26384000,174480,200909
41,경기도 파주시,국민임대,파주운정2,1231,39.58,256,20386000,124700,200909
41,경기도 파주시,국민임대,파주운정2,1231,39.55,204,20386000,124700,200909
41,경기도 파주시,국민임대,파주운정3 A1BL(별하람4),1282,46.99,336,34055000,250410,202110
41,경기도 파주시,국민임대,파주운정3 A1BL(별하람4),1282,37.87,540,22035000,192440,202110
41,경기도 파주시,국민임대,파주운정3 A1BL(별하람4),1282,26.63,406,11421000,136840,202110
41,경기도 파주시,국민임대,파주운정3 A37블록 국민·영구임대,1358,46.72,570,32850000,272220,202302
41,경기도 파주시,국민임대,파주운정3 A37블록 국민·영구임대,1358,37.99,248,21448000,210210,202302
41,경기도 파주시,국민임대,파주운정3 A37블록 국민·영구임대,1358,37.97,132,21437000,210150,202302
41,경기도 파주시,국민임대,파주운정3 A37블록 국민·영구임대,1358,29.91,408,12372000,161090,202302
41,경기도 파주시,국민임대,파주운정A13블록(해솔6),1525,59.88,177,45535000,312710,201405
41,경기도 파주시,국민임대,파주운정A13블록(해솔6),1525,51.96,154,36757000,263340,201405
41,경기도 파주시,국민임대,파주운정A13블록(해솔6),1525,45.92,288,29076000,202980,201405
41,경기도 파주시,국민임대,파주운정A13블록(해솔6),1525,45.9,142,29076000,202980,201405
41,경기도 파주시,국민임대,파주운정A13블록(해솔6),1525,45.87,80,29076000,202980,201405
41,경기도 파주시,국민임대,파주운정A13블록(해솔6),1525,39.9,673,20847000,164580,201405
41,경기도 파주시,국민임대,파주운정A13블록(해솔6),1525,39.77,11,20847000,164580,201405
41,경기도 파주시,국민임대,파주운정A17-1블록(한울4),1167,59.88,168,42177000,280770,200911
41,경기도 파주시,국민임대,파주운정A17-1블록(한울4),1167,51.96,100,33139000,234980,200911
41,경기도 파주시,국민임대,파주운정A17-1블록(한울4),1167,45.89,200,26510000,175320,200911
41,경기도 파주시,국민임대,파주운정A17-1블록(한울4),1167,45.87,246,26510000,175320,200911
41,경기도 파주시,국민임대,파주운정A17-1블록(한울4),1167,45.82,27,26510000,175320,200911
41,경기도 파주시,국민임대,파주운정A17-1블록(한울4),1167,39.58,200,20485000,125320,200911
41,경기도 파주시,국민임대,파주운정A17-1블록(한울4),1167,39.55,226,20485000,125320,200911
41,경기도 파주시,국민임대,파주운정A18BL(한울5),1467,59.88,230,42056000,279960,201012
41,경기도 파주시,국민임대,파주운정A18BL(한울5),1467,51.98,413,33044000,234300,201012
41,경기도 파주시,국민임대,파주운정A18BL(한울5),1467,45.86,276,26435000,174820,201012
41,경기도 파주시,국민임대,파주운정A18BL(한울5),1467,45.84,160,26435000,174820,201012
41,경기도 파주시,국민임대,파주운정A18BL(한울5),1467,36.92,230,15859000,132160,201012
41,경기도 파주시,국민임대,파주운정A18BL(한울5),1467,36.76,80,15859000,132160,201012
41,경기도 파주시,국민임대,파주운정A18BL(한울5),1467,29.78,78,12616000,104520,201012
41,경기도 파주시,국민임대,파주운정A19BL(한빛6),1564,59.88,195,43121000,287470,201112
41,경기도 파주시,국민임대,파주운정A19BL(한빛6),1564,59.74,19,43121000,287470,201112
41,경기도 파주시,국민임대,파주운정A19BL(한빛6),1564,51.79,216,33921000,235720,201112
41,경기도 파주시,국민임대,파주운정A19BL(한빛6),1564,51.69,198,33921000,235720,201112
41,경기도 파주시,국민임대,파주운정A19BL(한빛6),1564,45.98,220,27022000,178220,201112
41,경기도 파주시,국민임대,파주운정A19BL(한빛6),1564,45.84,84,27022000,178220,201112
41,경기도 파주시,국민임대,파주운정A19BL(한빛6),1564,45.73,188,27022000,178220,201112
41,경기도 파주시,국민임대,파주운정A19BL(한빛6),1564,36.76,72,16097000,129930,201112
41,경기도 파주시,국민임대,파주운정A19BL(한빛6),1564,36.24,282,16097000,129930,201112
41,경기도 파주시,국민임대,파주운정A19BL(한빛6),1564,29.8,90,12993000,103490,201112
41,경기도 파주시,국민임대,파주운정A5블록(가람6),1220,59.88,204,43286000,288570,201108
41,경기도 파주시,국민임대,파주운정A5블록(가람6),1220,51.98,46,34051000,236620,201108
41,경기도 파주시,국민임대,파주운정A5블록(가람6),1220,51.97,229,34051000,236620,201108
41,경기도 파주시,국민임대,파주운정A5블록(가람6),1220,51.69,76,34051000,236620,201108
41,경기도 파주시,국민임대,파주운정A5블록(가람6),1220,45.86,222,27125000,178900,201108
41,경기도 파주시,국민임대,파주운정A5블록(가람6),1220,45.84,36,27125000,178900,201108
41,경기도 파주시,국민임대,파주운정A5블록(가람6),1220,45.53,45,27125000,178900,201108
41,경기도 파주시,국민임대,파주운정A5블록(가람6),1220,45.33,74,27125000,178900,201108
41,경기도 파주시,국민임대,파주운정A5블록(가람6),1220,36.84,222,16159000,130430,201108
41,경기도 파주시,국민임대,파주운정A5블록(가람6),1220,29.8,66,13043000,103880,201108
41,경기도 파주시,국민임대,파주파주1,464,51.6,158,25394000,173140,201105
41,경기도 파주시,국민임대,파주파주1,464,39.57,240,16159000,92330,201105
41,경기도 파주시,국민임대,파주파주1,464,36.57,66,12696000,80790,201105
41,경기도 평택시,국민임대,평택고덕 A-2블록 국민·영구임대혼합,389,46.49,140,33155000,250120,202103
41,경기도 평택시,국민임대,평택고덕 A-2블록 국민·영구임대혼합,389,37.47,132,21379000,192010,202103
41,경기도 평택시,국민임대,평택고덕 A-2블록 국민·영구임대혼합,389,29.43,117,12236000,145380,202103
41,경기도 평택시,국민임대,평택소사벌 A-1블록 국민임대,1060,51.75,50,44413000,357280,202204
41,경기도 평택시,국민임대,평택소사벌 A-1블록 국민임대,1060,51.55,114,44413000,357280,202204
41,경기도 평택시,국민임대,평택소사벌 A-1블록 국민임대,1060,46.61,232,39246000,257240,202204
41,경기도 평택시,국민임대,평택소사벌 A-1블록 국민임대,1060,36.63,240,18646000,207930,202204
41,경기도 평택시,국민임대,평택소사벌 A-1블록 국민임대,1060,36.55,214,18646000,207930,202204
41,경기도 평택시,국민임대,평택소사벌 A-1블록 국민임대,1060,26.12,210,13221000,143510,202204
41,경기도 평택시,국민임대,평택소사벌 A-2블록 국민임대,992,51.75,160,44413000,357280,202204
41,경기도 평택시,국민임대,평택소사벌 A-2블록 국민임대,992,46.61,130,39246000,257240,202204
41,경기도 평택시,국민임대,평택소사벌 A-2블록 국민임대,992,46.49,132,39246000,257240,202204
41,경기도 평택시,국민임대,평택소사벌 A-2블록 국민임대,992,36.78,33,18646000,207930,202204
41,경기도 평택시,국민임대,평택소사벌 A-2블록 국민임대,992,36.64,207,18646000,207930,202204
41,경기도 평택시,국민임대,평택소사벌 A-2블록 국민임대,992,36.55,170,18646000,207930,202204
41,경기도 평택시,국민임대,평택소사벌 A-2블록 국민임대,992,26.12,160,13221000,143510,202204
41,경기도 평택시,국민임대,평택소사벌 A-3블록 국민임대,1191,51.75,78,42420000,344400,202204
41,경기도 평택시,국민임대,평택소사벌 A-3블록 국민임대,1191,51.55,90,42420000,344400,202204
41,경기도 평택시,국민임대,평택소사벌 A-3블록 국민임대,1191,46.61,156,34755000,290850,202204
41,경기도 평택시,국민임대,평택소사벌 A-3블록 국민임대,1191,46.49,132,34755000,290850,202204
41,경기도 평택시,국민임대,평택소사벌 A-3블록 국민임대,1191,36.64,207,17325000,207900,202204
41,경기도 평택시,국민임대,평택소사벌 A-3블록 국민임대,1191,36.63,192,17325000,207900,202204
41,경기도 평택시,국민임대,평택소사벌 A-3블록 국민임대,1191,36.55,152,17325000,207900,202204
41,경기도 평택시,국민임대,평택소사벌 A-3블록 국민임대,1191,26.12,184,12285000,142800,202204
41,경기도 평택시,국민임대,평택소사벌 A-4블록 국민임대,984,51.76,164,42781000,301240,202204
41,경기도 평택시,국민임대,평택소사벌 A-4블록 국민임대,984,46.4,228,37760000,276140,202204
41,경기도 평택시,국민임대,평택소사벌 A-4블록 국민임대,984,36.72,296,17849000,221500,202204
41,경기도 평택시,국민임대,평택소사벌 A-4블록 국민임대,984,26.89,296,13118000,146230,202204
41,경기도 평택시,국민임대,평택소사벌 A-5블록 국민·영구임대혼합,514,46.53,166,37292000,250660,202107
41,경기도 평택시,국민임대,평택소사벌 A-5블록 국민·영구임대혼합,514,37.93,181,25547000,203860,202107
41,경기도 평택시,국민임대,평택소사벌 A-5블록 국민·영구임대혼합,514,29.96,167,14517000,151930,202107
41,경기도 평택시,국민임대,평택송화,494,46.22,253,14695000,178420,200406
41,경기도 평택시,국민임대,평택송화,494,45.79,13,14574000,176470,200406
41,경기도 평택시,국민임대,평택송화,494,36.63,228,11658000,140990,200406
41,경기도 평택시,국민임대,평택안중 1단지(8블록) 국민임대,818,59.57,160,20677000,265190,202204
41,경기도 평택시,국민임대,평택안중 1단지(8블록) 국민임대,818,51.88,270,18092000,229990,202204
41,경기도 평택시,국민임대,평택안중 1단지(8블록) 국민임대,818,51.86,388,18092000,229990,202204
41,경기도 평택시,국민임대,평택안중2,638,46.22,345,15609000,200390,
41,경기도 평택시,국민임대,평택안중2,638,36.63,144,12284000,149370,
41,경기도 평택시,국민임대,평택안중2,638,36.3,29,12284000,149370,
41,경기도 평택시,국민임대,평택안중2,638,36.23,60,12284000,149370,
41,경기도 평택시,국민임대,평택안중2,638,36.19,60,12284000,149370,
41,경기도 평택시,국민임대,평택이충 1단지(2블록) 국민임대,879,59.57,442,25419000,274510,202204
41,경기도 평택시,국민임대,평택이충 1단지(2블록) 국민임대,879,51.95,29,22876000,232570,202204
41,경기도 평택시,국민임대,평택이충 1단지(2블록) 국민임대,879,51.86,408,22876000,232570,202204
41,경기도 평택시,국민임대,평택이충 3단지(4블록) 국민임대,1035,59.57,90,25964000,280400,202204
41,경기도 평택시,국민임대,평택이충 3단지(4블록) 국민임대,1035,51.86,108,23367000,237570,202204
41,경기도 평택시,국민임대,평택이충 3단지(4블록) 국민임대,1035,46.96,453,18175000,194720,202204
41,경기도 평택시,국민임대,평택이충 3단지(4블록) 국민임대,1035,39.48,108,15577000,160960,202204
41,경기도 평택시,국민임대,평택이충 3단지(4블록) 국민임대,1035,36.72,276,15577000,138900,202204
41,경기도 포천시,국민임대,포천산호기지그린빌,59,39.144,59,9236000,77300,200805
41,경기도 포천시,국민임대,포천송우 5블럭(포천송우5),466,59.57,406,20446000,239410,200511
41,경기도 포천시,국민임대,포천송우 5블럭(포천송우5),466,51.86,60,17561000,210870,200511
41,경기도 포천시,국민임대,포천송우4,1531,45.32,558,14785000,190710,200410
41,경기도 포천시,국민임대,포천송우4,1531,36.37,973,11864000,113210,200410
41,경기도 포천시,국민임대,포천신읍1,360,50.52,57,19695000,222970,201009
41,경기도 포천시,국민임대,포천신읍1,360,45.87,180,15979000,210580,201009
41,경기도 포천시,국민임대,포천신읍1,360,36.84,123,11221000,122630,201009
41,경기도 하남시,국민임대,"하남감일 8단지(국민, 영구)A3블록",613,46.23,38,44797000,266850,202009
41,경기도 하남시,국민임대,"하남감일 8단지(국민, 영구)A3블록",613,46.17,126,44797000,266850,202009
41,경기도 하남시,국민임대,"하남감일 8단지(국민, 영구)A3블록",613,37.29,211,29024000,205440,202009
41,경기도 하남시,국민임대,"하남감일 8단지(국민, 영구)A3블록",613,29.15,80,16442000,152180,202009
41,경기도 하남시,국민임대,"하남감일 8단지(국민, 영구)A3블록",613,29.09,158,16442000,152180,202009
41,경기도 하남시,국민임대,하남미사 A13BL,1590,46.9,304,45376000,289240,201512
41,경기도 하남시,국민임대,하남미사 A13BL,1590,36.99,794,21075000,229020,201512
41,경기도 하남시,국민임대,하남미사 A13BL,1590,29.95,156,17096000,177420,201512
41,경기도 하남시,국민임대,하남미사 A13BL,1590,29.93,336,17096000,177420,201512
41,경기도 하남시,국민임대,하남미사 A14블록,1632,46.95,96,45240000,268000,201808
41,경기도 하남시,국민임대,하남미사 A14블록,1632,36.95,788,21010000,212000,201808
41,경기도 하남시,국민임대,하남미사 A14블록,1632,36.93,140,21010000,212000,201808
41,경기도 하남시,국민임대,하남미사 A14블록,1632,26.82,608,15280000,150000,201808
41,경기도 하남시,국민임대,"하남미사(09,보금3) 17단지",2180,46.82,544,45440000,289240,201607
41,경기도 하남시,국민임대,"하남미사(09,보금3) 17단지",2180,36.87,1160,21064000,227950,201607
41,경기도 하남시,국민임대,"하남미사(09,보금3) 17단지",2180,33.81,476,19150000,195700,201607
41,경기도 하남시,국민임대,하남풍산1,748,59.88,60,59926000,360800,200812
41,경기도 하남시,국민임대,하남풍산1,748,51.93,198,42447000,304600,200812
41,경기도 하남시,국민임대,하남풍산1,748,46.9,242,36205000,248430,200812
41,경기도 하남시,국민임대,하남풍산1,748,39.72,120,22471000,192250,200812
41,경기도 하남시,국민임대,하남풍산1,748,39.48,128,22471000,192250,200812
41,경기도 하남시,국민임대,하남풍산2,638,46.9,256,36205000,248430,200812
41,경기도 하남시,국민임대,하남풍산2,638,39.72,252,22471000,192250,200812
41,경기도 하남시,국민임대,하남풍산2,638,39.48,130,22471000,192250,200812
41,경기도 하남시,국민임대,하남풍산3,401,51.93,80,42939000,308150,200810
41,경기도 하남시,국민임대,하남풍산3,401,46.9,235,36623000,251320,200810
41,경기도 하남시,국민임대,하남풍산3,401,39.48,86,22731000,194470,200810
41,경기도 하남시,국민임대,하남풍산4,330,59.88,122,62317000,375180,200810
41,경기도 하남시,국민임대,하남풍산4,330,51.93,208,44141000,316770,200810
41,경기도 화성시,국민임대,남양뉴타운 B-10블록 행복·국민·영구임대주택,796,46.92,276,41463000,272660,202210
41,경기도 화성시,국민임대,남양뉴타운 B-10블록 행복·국민·영구임대주택,796,37.48,280,26473000,207890,202210
41,경기도 화성시,국민임대,남양뉴타운 B-10블록 행복·국민·영구임대주택,796,29.73,240,15327000,159780,202210
41,경기도 화성시,국민임대,"화성남양뉴타운(LH10단지)(국임,임대상가)",1022,46.04,106,41000000,246000,201909
41,경기도 화성시,국민임대,"화성남양뉴타운(LH10단지)(국임,임대상가)",1022,37.43,436,24200000,197000,201909
41,경기도 화성시,국민임대,"화성남양뉴타운(LH10단지)(국임,임대상가)",1022,27.38,224,14700000,142000,201909
41,경기도 화성시,국민임대,"화성남양뉴타운(LH10단지)(국임,임대상가)",1022,26.3,256,14300000,137000,201909
41,경기도 화성시,국민임대,화성남양뉴타운(LH4단지)(국임),876,46.94,288,39248000,251610,201606
41,경기도 화성시,국민임대,화성남양뉴타운(LH4단지)(국임),876,36.62,312,18601000,202140,201606
41,경기도 화성시,국민임대,화성남양뉴타운(LH4단지)(국임),876,26.68,276,12472000,134410,201606
41,경기도 화성시,국민임대,화성남양뉴타운(LH9단지)(국임),782,46.92,264,39000000,259000,201612
41,경기도 화성시,국민임대,화성남양뉴타운(LH9단지)(국임),782,36.6,286,19200000,206000,201612
41,경기도 화성시,국민임대,화성남양뉴타운(LH9단지)(국임),782,26.99,88,13400000,141000,201612
41,경기도 화성시,국민임대,화성남양뉴타운(LH9단지)(국임),782,26.9,144,13400000,141000,201612
41,경기도 화성시,국민임대,화성동탄2 A24블럭(4단지)(국임/영구),1547,51.72,64,43190000,332000,201609
41,경기도 화성시,국민임대,화성동탄2 A24블럭(4단지)(국임/영구),1547,51.56,115,43190000,332000,201609
41,경기도 화성시,국민임대,화성동탄2 A24블럭(4단지)(국임/영구),1547,46.47,276,38370000,308000,201609
41,경기도 화성시,국민임대,화성동탄2 A24블럭(4단지)(국임/영구),1547,36.85,618,18000000,245000,201609
41,경기도 화성시,국민임대,화성동탄2 A24블럭(4단지)(국임/영구),1547,33.65,474,16300000,207000,201609
41,경기도 화성시,국민임대,화성동탄2 A4-2블럭(2단지)(국임/영구),1031,47.69,190,44053000,296520,202111
41,경기도 화성시,국민임대,화성동탄2 A4-2블럭(2단지)(국임/영구),1031,46.86,50,42028000,289440,202111
41,경기도 화성시,국민임대,화성동탄2 A4-2블럭(2단지)(국임/영구),1031,46.78,54,42523000,292880,202111
41,경기도 화성시,국민임대,화성동탄2 A4-2블럭(2단지)(국임/영구),1031,38.29,210,28511000,227340,202111
41,경기도 화성시,국민임대,화성동탄2 A4-2블럭(2단지)(국임/영구),1031,37.99,68,27360000,224720,202111
41,경기도 화성시,국민임대,화성동탄2 A4-2블럭(2단지)(국임/영구),1031,37.82,98,27447000,225670,202111
41,경기도 화성시,국민임대,화성동탄2 A4-2블럭(2단지)(국임/영구),1031,28.13,204,14854000,166040,202111
41,경기도 화성시,국민임대,화성동탄2 A4-2블럭(2단지)(국임/영구),1031,28.06,157,14863000,166240,202111
41,경기도 화성시,국민임대,화성동탄2 A6블럭(1단지)(국민),730,46.73,140,42831000,263600,201802
41,경기도 화성시,국민임대,화성동탄2 A6블럭(1단지)(국민),730,36.72,280,19607000,204170,201802
41,경기도 화성시,국민임대,화성동탄2 A6블럭(1단지)(국민),730,24.62,310,13181000,135360,201802
41,경기도 화성시,국민임대,화성동탄2 A77-2블럭(35단지)(국임/영구),1230,46.49,260,40983000,268080,202010
41,경기도 화성시,국민임대,화성동탄2 A77-2블럭(35단지)(국임/영구),1230,37.49,592,26423000,205980,202010
41,경기도 화성시,국민임대,화성동탄2 A77-2블럭(35단지)(국임/영구),1230,29.42,378,15133000,157420,202010
41,경기도 화성시,국민임대,화성동탄5-2(4-6)(5단지 새강),2342,51.93,576,32859000,223060,
41,경기도 화성시,국민임대,화성동탄5-2(4-6)(5단지 새강),2342,47.23,582,26384000,179890,
41,경기도 화성시,국민임대,화성동탄5-2(4-6)(5단지 새강),2342,46.9,606,26384000,179890,
41,경기도 화성시,국민임대,화성동탄5-2(4-6)(5단지 새강),2342,39.49,578,17148000,141500,
41,경기도 화성시,국민임대,화성동탄7-1(1-1)(7단지 능동),682,59.98,110,41051000,286140,
41,경기도 화성시,국민임대,화성동탄7-1(1-1)(7단지 능동),682,59.88,55,41051000,286140,
41,경기도 화성시,국민임대,화성동탄7-1(1-1)(7단지 능동),682,47.23,138,25355000,172640,
41,경기도 화성시,국민임대,화성동탄7-1(1-1)(7단지 능동),682,46.9,243,25355000,172640,
41,경기도 화성시,국민임대,화성동탄7-1(1-1)(7단지 능동),682,39.49,136,16903000,129180,
41,경기도 화성시,국민임대,화성동탄7-2(1-5)(7단지 능동),963,59.88,108,41051000,286140,200807
41,경기도 화성시,국민임대,화성동탄7-2(1-5)(7단지 능동),963,51.93,331,31391000,220940,200807
41,경기도 화성시,국민임대,화성동탄7-2(1-5)(7단지 능동),963,47.23,264,25355000,172640,200807
41,경기도 화성시,국민임대,화성동탄7-2(1-5)(7단지 능동),963,39.49,260,16903000,129180,200807
41,경기도 화성시,국민임대,"화성동탄7-3(1-2,3)(7단지 능동)",534,59.52,44,39171000,273040,
41,경기도 화성시,국민임대,"화성동탄7-3(1-2,3)(7단지 능동)",534,51.93,368,29954000,210820,
41,경기도 화성시,국민임대,"화성동탄7-3(1-2,3)(7단지 능동)",534,46.9,122,24194000,164740,
41,경기도 화성시,국민임대,화성동탄7-4(1-4)(7단지 능동),231,59.52,44,39171000,273040,201312
41,경기도 화성시,국민임대,화성동탄7-4(1-4)(7단지 능동),231,51.93,133,29954000,210820,201312
41,경기도 화성시,국민임대,화성동탄7-4(1-4)(7단지 능동),231,39.72,54,16129000,123260,201312
41,경기도 화성시,국민임대,화성매송(1단지)(국임),649,59.89,112,30880000,257130,201104
41,경기도 화성시,국민임대,화성매송(1단지)(국임),649,51.93,84,24271000,203050,201104
41,경기도 화성시,국민임대,화성매송(1단지)(국임),649,46.9,52,19225000,159800,201104
41,경기도 화성시,국민임대,화성매송(1단지)(국임),649,46.7,70,19225000,159800,201104
41,경기도 화성시,국민임대,화성매송(1단지)(국임),649,36.99,115,11895000,98520,201104
41,경기도 화성시,국민임대,화성매송(1단지)(국임),649,36.61,216,11895000,98520,201104
41,경기도 화성시,국민임대,화성봉담(1단지 동화)(국임),622,59.57,155,30969000,257660,200711
41,경기도 화성시,국민임대,화성봉담(1단지 동화)(국임),622,51.92,467,24278000,201900,200711
41,경기도 화성시,국민임대,화성봉담(2단지 동화)(국임),915,51.92,178,24278000,201900,200712
41,경기도 화성시,국민임대,화성봉담(2단지 동화)(국임),915,46.96,162,19819000,172190,200712
41,경기도 화성시,국민임대,화성봉담(2단지 동화)(국임),915,46.81,204,19819000,172190,200712
41,경기도 화성시,국민임대,화성봉담(2단지 동화)(국임),915,39.84,200,13625000,113950,200712
41,경기도 화성시,국민임대,화성봉담(2단지 동화)(국임),915,39.48,171,13625000,113950,200712
41,경기도 화성시,국민임대,화성봉담(3단지 동화)(국임),842,59.57,116,31210000,259660,200710
41,경기도 화성시,국민임대,화성봉담(3단지 동화)(국임),842,46.96,112,19973000,173520,200710
41,경기도 화성시,국민임대,화성봉담(3단지 동화)(국임),842,46.81,260,19973000,173520,200710
41,경기도 화성시,국민임대,화성봉담(3단지 동화)(국임),842,39.84,236,13731000,114830,200710
41,경기도 화성시,국민임대,화성봉담(3단지 동화)(국임),842,39.48,118,13731000,114830,200710
41,경기도 화성시,국민임대,화성봉담(4단지 동화)(국임),480,59.57,128,30969000,257660,200711
41,경기도 화성시,국민임대,화성봉담(4단지 동화)(국임),480,51.92,312,24278000,201900,200711
41,경기도 화성시,국민임대,화성봉담(4단지 동화)(국임),480,51.7,40,24278000,201900,200711
41,경기도 화성시,국민임대,화성봉담2(LH2단지)(국임),1028,46.9,136,39064000,266250,201712
41,경기도 화성시,국민임대,화성봉담2(LH2단지)(국임),1028,36.59,28,17681000,203540,201712
41,경기도 화성시,국민임대,화성봉담2(LH2단지)(국임),1028,36.56,200,17681000,203540,201712
41,경기도 화성시,국민임대,화성봉담2(LH2단지)(국임),1028,36.5,220,17681000,203540,201712
41,경기도 화성시,국민임대,화성봉담2(LH2단지)(국임),1028,26.91,224,12952000,145970,201712
41,경기도 화성시,국민임대,화성봉담2(LH2단지)(국임),1028,26.9,220,12952000,145970,201712
41,경기도 화성시,국민임대,화성봉담2(LH3단지)(국임),972,46.88,140,40914000,264190,201712
41,경기도 화성시,국민임대,화성봉담2(LH3단지)(국임),972,36.46,402,18606000,202510,201712
41,경기도 화성시,국민임대,화성봉담2(LH3단지)(국임),972,26.9,430,13775000,144940,201712
41,경기도 화성시,국민임대,화성비봉 A-1블록 국민영구임대주택,449,46.86,137,29954000,225190,202110
41,경기도 화성시,국민임대,화성비봉 A-1블록 국민영구임대주택,449,37.8,165,20220000,181370,202110
41,경기도 화성시,국민임대,화성비봉 A-1블록 국민영구임대주택,449,29.48,147,11231000,134660,202110
41,경기도 화성시,국민임대,화성비봉 A-4블록 국민·영구임대주택,545,46.47,190,36120000,267090,202310
41,경기도 화성시,국민임대,화성비봉 A-4블록 국민·영구임대주택,545,37.52,180,23684000,208940,202310
41,경기도 화성시,국민임대,화성비봉 A-4블록 국민·영구임대주택,545,29.74,175,13713000,161220,202310
41,경기도 화성시,국민임대,화성상리(1단지 삼봉)(국임),583,51.95,73,23470000,194730,200710
41,경기도 화성시,국민임대,화성상리(1단지 삼봉)(국임),583,51.86,144,23470000,194730,200710
41,경기도 화성시,국민임대,화성상리(1단지 삼봉)(국임),583,48.35,45,19473000,162290,200710
41,경기도 화성시,국민임대,화성상리(1단지 삼봉)(국임),583,46.96,125,19473000,162290,200710
41,경기도 화성시,국민임대,화성상리(1단지 삼봉)(국임),583,36.72,196,11609000,98610,200710
41,경기도 화성시,국민임대,화성태안12,1178,45.48,474,18501000,218140,200404
41,경기도 화성시,국민임대,화성태안12,1178,36.16,704,14630000,167770,200404
41,경기도 화성시,국민임대,화성태안3 A1블록 국민임대주택,790,46.55,388,44775000,253340,202204
41,경기도 화성시,국민임대,화성태안3 A1블록 국민임대주택,790,37.51,144,26571000,193050,202204
41,경기도 화성시,국민임대,화성태안3 A1블록 국민임대주택,790,26.85,258,13973000,146370,202204
41,경기도 화성시,국민임대,화성태안3 A2블록 국민임대주택,640,46.55,168,44775000,253340,202204
41,경기도 화성시,국민임대,화성태안3 A2블록 국민임대주택,640,37.9,124,26571000,193050,202204
41,경기도 화성시,국민임대,화성태안3 A2블록 국민임대주택,640,37.24,126,26571000,193050,202204
41,경기도 화성시,국민임대,화성태안3 A2블록 국민임대주택,640,26.85,222,13973000,146370,202204
41,경기도 화성시,국민임대,화성태안6,996,46.22,420,17966000,218300,200404
41,경기도 화성시,국민임대,화성태안6,996,36.63,570,14155000,167280,200404
41,경기도 화성시,국민임대,화성태안8,836,59.57,184,22027000,284550,
41,경기도 화성시,국민임대,화성태안8,836,51.86,652,19177000,247710,
41,경기도 화성시,국민임대,화성향남(5단지 한우물)(국임),1150,51.93,274,26089000,227340,200912
41,경기도 화성시,국민임대,화성향남(5단지 한우물)(국임),1150,46.8,112,21119000,178880,200912
41,경기도 화성시,국민임대,화성향남(5단지 한우물)(국임),1150,46.7,112,21119000,178880,200912
41,경기도 화성시,국민임대,화성향남(5단지 한우물)(국임),1150,36.99,300,13664000,108070,200912
41,경기도 화성시,국민임대,화성향남(5단지 한우물)(국임),1150,36.62,176,13664000,108070,200912
41,경기도 화성시,국민임대,화성향남(5단지 한우물)(국임),1150,26.68,176,9439000,78240,200912
41,경기도 화성시,국민임대,화성향남(6단지 한우물)(국임),1330,51.91,219,26014000,226680,200912
41,경기도 화성시,국민임대,화성향남(6단지 한우물)(국임),1330,46.9,204,21058000,178370,200912
41,경기도 화성시,국민임대,화성향남(6단지 한우물)(국임),1330,46.8,60,21058000,178370,200912
41,경기도 화성시,국민임대,화성향남(6단지 한우물)(국임),1330,46.7,84,21058000,178370,200912
41,경기도 화성시,국민임대,화성향남(6단지 한우물)(국임),1330,36.99,195,13625000,107760,200912
41,경기도 화성시,국민임대,화성향남(6단지 한우물)(국임),1330,36.62,362,13625000,107760,200912
41,경기도 화성시,국민임대,화성향남(6단지 한우물)(국임),1330,36.42,86,13625000,107760,200912
41,경기도 화성시,국민임대,화성향남(6단지 한우물)(국임),1330,26.68,120,9412000,78010,200912
41,경기도 화성시,국민임대,화성향남(7단지 복사꽃)(국임),941,51.93,229,26343000,229550,200811
41,경기도 화성시,국민임대,화성향남(7단지 복사꽃)(국임),941,46.9,387,21323000,180630,200811
41,경기도 화성시,국민임대,화성향남(7단지 복사꽃)(국임),941,39.32,165,16307000,127930,200811
41,경기도 화성시,국민임대,화성향남(7단지 복사꽃)(국임),941,36.65,160,13797000,109110,200811
41,경기도 화성시,국민임대,화성향남2(18단지 언덕)(국임),1742,46.81,264,38100000,246000,201707
41,경기도 화성시,국민임대,화성향남2(18단지 언덕)(국임),1742,36.59,734,17200000,190000,201707
41,경기도 화성시,국민임대,화성향남2(18단지 언덕)(국임),1742,36.49,78,17200000,190000,201707
41,경기도 화성시,국민임대,화성향남2(18단지 언덕)(국임),1742,26.59,666,12400000,132000,201707
41,경기도 화성시,국민임대,화성향남2(1단지 서봉)(국임),544,51.57,70,26014000,265610,201412
41,경기도 화성시,국민임대,화성향남2(1단지 서봉)(국임),544,46.42,156,20767000,213140,201412
41,경기도 화성시,국민임대,화성향남2(1단지 서봉)(국임),544,36.77,240,13116000,127880,201412
41,경기도 화성시,국민임대,화성향남2(1단지 서봉)(국임),544,26.55,78,9072000,92900,201412
41,경기도 화성시,국민임대,화성향남2(2단지 서봉)(국임),704,51.57,108,26014000,265610,201412
41,경기도 화성시,국민임대,화성향남2(2단지 서봉)(국임),704,46.42,156,20767000,213140,201412
41,경기도 화성시,국민임대,화성향남2(2단지 서봉)(국임),704,36.77,322,13116000,127880,201412
41,경기도 화성시,국민임대,화성향남2(2단지 서봉)(국임),704,26.55,118,9072000,92900,201412
41,경기도 화성시,국민임대,화성향남2(5단지 서봉)(국임),1242,46.98,98,40860000,273110,201607
41,경기도 화성시,국민임대,화성향남2(5단지 서봉)(국임),1242,46.9,74,40860000,273110,201607
41,경기도 화성시,국민임대,화성향남2(5단지 서봉)(국임),1242,46.82,132,40860000,273110,201607
41,경기도 화성시,국민임대,화성향남2(5단지 서봉)(국임),1242,36.98,50,18601000,211820,201607
41,경기도 화성시,국민임대,화성향남2(5단지 서봉)(국임),1242,36.85,112,18601000,211820,201607
41,경기도 화성시,국민임대,화성향남2(5단지 서봉)(국임),1242,36.81,420,18601000,211820,201607
41,경기도 화성시,국민임대,화성향남2(5단지 서봉)(국임),1242,26.89,276,13548000,149460,201607
41,경기도 화성시,국민임대,화성향남2(5단지 서봉)(국임),1242,26.87,80,13548000,149460,201607
41,경기도,국민임대,부천범박1,1473,51.92,124,45613000,340790,299901
41,경기도,국민임대,부천범박1,1473,51.91,159,45613000,340790,299901
41,경기도,국민임대,부천범박1,1473,46.96,221,39668000,311110,299901
41,경기도,국민임대,부천범박1,1473,46.4,75,39668000,311110,299901
41,경기도,국민임대,부천범박1,1473,36.99,24,19530000,257400,299901
41,경기도,국민임대,부천범박1,1473,36.96,346,19530000,257400,299901
41,경기도,국민임대,부천범박1,1473,33.96,336,18075000,223930,299901
41,경기도,국민임대,부천범박1,1473,26.47,188,13989000,174280,299901
41,경기도,국민임대,부천소사2,557,51.96,74,31606000,265210,299901
41,경기도,국민임대,부천소사2,557,51.95,37,31594000,265210,299901
41,경기도,국민임대,부천소사2,557,51.86,446,31495000,265210,299901
41,경기도,국민임대,부천여월1,1044,59.63,100,37476000,326620,299901
41,경기도,국민임대,부천여월1,1044,51.99,214,30715000,268530,299901
41,경기도,국민임대,부천여월1,1044,46.71,358,22834000,232240,299901
41,경기도,국민임대,부천여월1,1044,36.98,279,16452000,165720,299901
41,경기도,국민임대,부천여월1,1044,36.79,93,16452000,165720,299901
41,경기도,국민임대,부천여월2,781,59.63,67,37476000,326620,299901
41,경기도,국민임대,부천여월2,781,51.98,98,30715000,268530,299901
41,경기도,국민임대,부천여월2,781,51.64,102,30715000,268530,299901
41,경기도,국민임대,부천여월2,781,46.71,248,22834000,232240,299901
41,경기도,국민임대,부천여월2,781,36.98,209,16452000,165720,299901
41,경기도,국민임대,부천여월2,781,36.79,57,16452000,165720,299901
